policy,budget,beta,total_cost_spent,total_cost_spent_ci95_low,total_cost_spent_ci95_high,probes,probes_ci95_low,probes_ci95_high,partial_recal,partial_recal_ci95_low,partial_recal_ci95_high,full_recal,full_recal_ci95_low,full_recal_ci95_high,cumulative_reward_mean,cumulative_reward_ci95_low,cumulative_reward_ci95_high,time_to_failure_median,time_to_failure_IQR,time_to_failure_iqr_q1,time_to_failure_iqr_q3,unnecessary_recalibration_rate,unnecessary_recalibration_rate_ci95_low,unnecessary_recalibration_rate_ci95_high,post_switch_time_to_failure_median,collapse_rate
periodic_full,20.0,0.1,20.0,20.0,20.0,0.0,0.0,0.0,0.0,0.0,0.0,2.0,2.0,2.0,40.428531958819974,37.65900801254755,43.198055905092396,17.5,11.0,11.0,22.0,0.3,0.22312247502583185,0.37687752497416815,0.0,0.0
periodic_partial,20.0,0.1,20.0,20.0,20.0,0.0,0.0,0.0,5.0,5.0,5.0,0.0,0.0,0.0,124.38832952581285,121.20045179280535,127.57620725882035,14.0,11.0,10.0,21.0,0.12000000000000002,0.08924899001033276,0.15075100998966728,0.0,0.0
threshold,20.0,0.1,20.0,20.0,20.0,0.0,0.0,0.0,0.875,0.27873437772441356,1.4712656222755864,1.65,1.4114937510897654,1.8885062489102344,39.27779198838676,36.29431187033025,42.26127210644327,14.5,7.25,11.0,18.25,0.6649999999999999,0.5497798495187448,0.780220150481255,0.0,0.0
conservative_bandit,20.0,0.1,20.0,20.0,20.0,2.3,2.0758654250404285,2.524134574959571,3.85,3.7379327125202146,3.9620672874797855,0.0,0.0,0.0,117.01837798911336,112.60851797801357,121.42823800021316,14.0,11.0,10.0,21.0,0.15625,0.1156529270875371,0.1968470729124629,0.0,0.0
periodic_full,20.0,0.2,20.0,20.0,20.0,0.0,0.0,0.0,0.0,0.0,0.0,2.0,2.0,2.0,38.67583598397532,35.67821071749185,41.673461250458786,13.5,9.0,9.0,18.0,0.3,0.22312247502583185,0.37687752497416815,0.0,0.0
periodic_partial,20.0,0.2,20.0,20.0,20.0,0.0,0.0,0.0,5.0,5.0,5.0,0.0,0.0,0.0,124.04352679929544,121.24703433861514,126.84001925997573,11.5,9.0,7.0,16.0,0.12000000000000002,0.08924899001033276,0.15075100998966728,0.0,0.0
threshold,20.0,0.2,20.0,20.0,20.0,0.0,0.0,0.0,1.125,0.46970646624232937,1.7802935337576706,1.55,1.2878825864969319,1.8121174135030682,38.876480945142994,36.241197374550055,41.51176451573593,14.0,9.0,10.0,19.0,0.5875,0.4764952472719969,0.6985047527280032,0.0,0.0
conservative_bandit,20.0,0.2,20.0,20.0,20.0,2.5,2.228196903849638,2.771803096150362,3.75,3.6140984519248187,3.8859015480751813,0.0,0.0,0.0,115.53691562136449,110.82112545619692,120.25270578653205,11.5,9.0,7.0,16.0,0.16458333333333333,0.12141393806267674,0.2077527286039899,0.0,0.0
periodic_full,20.0,0.3,20.0,20.0,20.0,0.0,0.0,0.0,0.0,0.0,0.0,2.0,2.0,2.0,39.91940579715261,36.712800887799034,43.12601070650619,11.5,11.0,7.0,18.0,0.325,0.2501512636490546,0.3998487363509454,0.0,0.0
periodic_partial,20.0,0.3,20.0,20.0,20.0,0.0,0.0,0.0,5.0,5.0,5.0,0.0,0.0,0.0,125.49020569128398,122.48537180468932,128.49503957787863,15.0,9.25,9.75,19.0,0.13,0.10006050545962186,0.15993949454037815,0.0,0.0
threshold,20.0,0.3,20.0,20.0,20.0,0.0,0.0,0.0,1.375,0.6743048323638032,2.075695167636197,1.45,1.1697219329455213,1.7302780670544786,41.214077722291606,38.02701152623899,44.401143918344225,16.5,12.0,8.0,20.0,0.595,0.4972642022908384,0.6927357977091615,0.0,0.0
conservative_bandit,20.0,0.3,20.0,20.0,20.0,2.45,2.187882586496932,2.7121174135030683,3.775,3.643941293248466,3.906058706751534,0.0,0.0,0.0,116.39976042514436,111.87954963985732,120.91997121043141,15.0,9.25,9.75,19.0,0.17083333333333334,0.13076093624322893,0.21090573042343774,0.0,0.0
periodic_full,20.0,0.4,20.0,20.0,20.0,0.0,0.0,0.0,0.0,0.0,0.0,2.0,2.0,2.0,42.09346102417673,38.8641958957381,45.32272615261537,12.5,11.25,7.75,19.0,0.275,0.19693050433206227,0.35306949566793777,0.0,0.0
periodic_partial,20.0,0.4,20.0,20.0,20.0,0.0,0.0,0.0,5.0,5.0,5.0,0.0,0.0,0.0,125.5900436877217,122.34440470521334,128.83568267023006,11.0,8.5,5.75,14.25,0.11000000000000001,0.07877220173282491,0.14122779826717513,0.0,0.0
threshold,20.0,0.4,20.0,20.0,20.0,0.0,0.0,0.0,0.5,0.029223227813043873,0.9707767721869561,1.8,1.6116892911252176,1.9883107088747825,40.525071525979925,37.339575871414404,43.710567180545446,13.0,8.5,8.75,17.25,0.5425,0.41484173121280554,0.6701582687871944,0.0,0.0
conservative_bandit,20.0,0.4,20.0,20.0,20.0,2.65,2.324214007636128,2.9757859923638716,3.675,3.512107003818064,3.8378929961819357,0.0,0.0,0.0,117.39811539927257,111.59905224437269,123.19717855417245,11.0,8.5,5.75,14.25,0.15208333333333332,0.10797344602765482,0.19619322063901182,0.0,0.0
periodic_full,20.0,0.5,20.0,20.0,20.0,0.0,0.0,0.0,0.0,0.0,0.0,2.0,2.0,2.0,41.63049316817474,37.8619772573677,45.39900907898178,13.0,8.5,8.75,17.25,0.3375,0.264,0.41100000000000003,0.0,0.0
periodic_partial,20.0,0.5,20.0,20.0,20.0,0.0,0.0,0.0,5.0,5.0,5.0,0.0,0.0,0.0,125.40822307964633,121.71884579789403,129.09760036139863,13.0,8.0,10.0,18.0,0.135,0.1056,0.16440000000000002,0.0,0.0
threshold,20.0,0.5,20.0,20.0,20.0,0.0,0.0,0.0,1.125,0.46970646624232937,1.7802935337576706,1.55,1.2878825864969319,1.8121174135030682,42.162476744877004,38.93534993982903,45.38960354992498,16.0,5.25,12.0,17.25,0.615,0.49935318577225896,0.730646814227741,0.0,0.0
conservative_bandit,20.0,0.5,20.0,20.0,20.0,2.6,2.3123506408035057,2.8876493591964945,3.7,3.5561753204017528,3.8438246795982476,0.0,0.0,0.0,115.5129407876241,109.72190918435875,121.30397239088946,13.0,8.0,10.0,18.0,0.18333333333333332,0.14231197137700458,0.22435469528966206,0.0,0.0
periodic_full,30.0,0.1,30.0,30.0,30.0,0.0,0.0,0.0,0.0,0.0,0.0,3.0,3.0,3.0,81.17955114340796,76.4674452974054,85.89165698941052,14.5,8.5,9.0,17.5,0.2333333333333333,0.18539177346725091,0.28127489319941573,0.0,0.0
periodic_partial,30.0,0.1,28.0,28.0,28.0,0.0,0.0,0.0,7.0,7.0,7.0,0.0,0.0,0.0,140.83591916063907,138.16540806875767,143.50643025252046,15.0,10.25,8.0,18.25,0.1,0.0794536172002504,0.12054638279974961,0.0,0.0
threshold,30.0,0.1,29.8,29.611689291125217,29.988310708874785,0.0,0.0,0.0,0.7,0.04091251893826131,1.3590874810617386,2.7,2.4175339366878266,2.982466063312174,41.9055433836494,38.799939609162266,45.01114715813654,16.0,9.25,12.0,21.25,0.7238095238095238,0.6333812298232036,0.814237817795844,0.0,0.0
conservative_bandit,30.0,0.1,28.7,28.400605054596216,28.999394945403782,4.75,4.354559965971045,5.145440034028955,4.8,4.656175320401752,4.943824679598247,0.0,0.0,0.0,122.69710295238806,116.33165130132947,129.06255460344664,15.0,10.25,8.0,18.25,0.14666666666666667,0.11598246320820385,0.17735087012512948,0.0,0.0
periodic_full,30.0,0.2,30.0,30.0,30.0,0.0,0.0,0.0,0.0,0.0,0.0,3.0,3.0,3.0,76.07991430380497,71.27985152677539,80.87997708083455,11.5,9.5,7.75,17.25,0.20833333333333331,0.15768581670940654,0.2589808499572601,0.0,0.0
periodic_partial,30.0,0.2,28.0,28.0,28.0,0.0,0.0,0.0,7.0,7.0,7.0,0.0,0.0,0.0,138.75062112171662,135.9371667243034,141.56407551912983,12.5,8.75,9.75,18.5,0.09642857142857143,0.0710903465297029,0.12176679632743996,0.0,0.0
threshold,30.0,0.2,29.7,29.47586542504043,29.92413457495957,0.0,0.0,0.0,1.05,0.26552898764150046,1.8344710123584997,2.55,2.213798137560643,2.8862018624393566,40.888702106790376,38.20976946220097,43.567634751379785,15.0,11.25,10.75,22.0,0.5797619047619047,0.4770904790757789,0.6824333304480305,0.0,0.0
conservative_bandit,30.0,0.2,28.65,28.355999999999998,28.944,4.475,4.117240626634648,4.832759373365351,4.925,4.778,5.072,0.0,0.0,0.0,125.49882017441237,120.45249789724161,130.54514245158313,12.5,8.75,9.75,18.5,0.13333333333333333,0.10216692947686107,0.1644997371898056,0.0,0.0
periodic_full,30.0,0.3,30.0,30.0,30.0,0.0,0.0,0.0,0.0,0.0,0.0,3.0,3.0,3.0,78.368733499108,74.2111408642321,82.5263261339839,12.0,8.0,8.0,16.0,0.14166666666666666,0.08994995530932848,0.19338337802400485,0.0,0.0
periodic_partial,30.0,0.3,28.0,28.0,28.0,0.0,0.0,0.0,7.0,7.0,7.0,0.0,0.0,0.0,140.01781505067757,137.5843322540954,142.45129784725975,11.5,8.0,8.0,16.0,0.06428571428571428,0.039830627247405014,0.08874080132402354,0.0,0.0
threshold,30.0,0.3,29.65,29.411493751089765,29.888506248910232,0.0,0.0,0.0,1.225,0.390228128814179,2.0597718711858213,2.475,2.1172406266346484,2.8327593733653518,39.895909363410865,37.05500281606693,42.7368159107548,14.0,7.25,11.0,18.25,0.55,0.4440595770285336,0.6559404229714665,0.0,0.0
conservative_bandit,30.0,0.3,29.0,28.68614881854203,29.31385118145797,4.5,4.0506334943386895,4.9493665056613105,5.0,4.7894622270324065,5.2105377729675935,0.0,0.0,0.0,125.74423679636377,119.91768816274026,131.57078542998727,11.5,8.0,8.0,16.0,0.09083333333333334,0.055589066053839835,0.12607760061282683,0.0,0.0
periodic_full,30.0,0.4,30.0,30.0,30.0,0.0,0.0,0.0,0.0,0.0,0.0,3.0,3.0,3.0,77.44762428876496,73.55868060461242,81.33656797291749,13.0,8.25,8.75,17.0,0.18333333333333332,0.1312870028880415,0.23537966377862515,0.0,0.0
periodic_partial,30.0,0.4,28.0,28.0,28.0,0.0,0.0,0.0,7.0,7.0,7.0,0.0,0.0,0.0,138.98059921681784,136.00154845773005,141.95964997590562,12.0,10.25,6.75,17.0,0.07857142857142857,0.056265858380589215,0.10087699876226792,0.0,0.0
threshold,30.0,0.4,29.65,29.411493751089765,29.888506248910232,0.0,0.0,0.0,1.225,0.390228128814179,2.0597718711858213,2.475,2.1172406266346484,2.8327593733653518,42.597360466078214,39.494768028378026,45.6999529037784,16.0,8.5,13.5,22.0,0.5833333333333333,0.4862032915633175,0.6804633751033491,0.0,0.0
conservative_bandit,30.0,0.4,28.7,28.400605054596216,28.999394945403782,4.6,4.25762878146367,4.942371218536329,4.875,4.749704963570594,5.000295036429406,0.0,0.0,0.0,124.75798566306364,120.01567961842076,129.5002917077065,12.0,10.25,6.75,17.0,0.11499999999999999,0.08204562594691306,0.14795437405308692,0.0,0.0
periodic_full,30.0,0.5,30.0,30.0,30.0,0.0,0.0,0.0,0.0,0.0,0.0,3.0,3.0,3.0,78.87709407052152,73.97388316053402,83.78030498050903,15.0,9.25,10.0,19.25,0.20833333333333331,0.15768581670940654,0.2589808499572601,0.0,0.0
periodic_partial,30.0,0.5,28.0,28.0,28.0,0.0,0.0,0.0,7.0,7.0,7.0,0.0,0.0,0.0,139.00295822827155,136.0932578963248,141.91265856021832,14.0,8.75,8.5,17.25,0.08928571428571427,0.0675796357326028,0.11099179283882575,0.0,0.0
threshold,30.0,0.5,29.6,29.348919054833626,29.851080945166377,0.0,0.0,0.0,1.4,0.5212166919176818,2.278783308082318,2.4,2.023378582250435,2.7766214177495647,43.60257849654049,40.24714815600252,46.95800883707846,18.0,9.0,13.0,22.0,0.6428571428571428,0.5356565560492068,0.7500577296650788,0.0,0.0
conservative_bandit,30.0,0.5,29.2,28.892489900103328,29.50751009989667,5.15,4.636443172195506,5.663556827804495,4.725,4.503212448616433,4.946787551383566,0.0,0.0,0.0,114.39204623834989,107.04315938313535,121.74093309356444,14.0,8.75,8.5,17.25,0.14791666666666664,0.10763251789261233,0.18820081544072095,0.0,0.0
periodic_full,40.0,0.1,40.0,40.0,40.0,0.0,0.0,0.0,0.0,0.0,0.0,4.0,4.0,4.0,108.1564561827415,105.70379646434694,110.60911590113605,14.0,7.25,12.0,19.25,0.1625,0.1250756318245273,0.1999243681754727,0.0,0.0
periodic_partial,40.0,0.1,40.0,40.0,40.0,0.0,0.0,0.0,10.0,10.0,10.0,0.0,0.0,0.0,149.66831461278474,147.68452647358103,151.65210275198845,14.5,8.25,11.0,19.25,0.0675,0.051210700381806404,0.0837892996181936,0.0,0.0
threshold,40.0,0.1,40.0,40.0,40.0,0.0,0.0,0.0,1.75,0.5574687554488271,2.942531244551173,3.3,2.8229875021795308,3.777012497820469,41.153084841752886,38.61871592867459,43.68745375483118,18.0,10.0,12.0,22.0,0.6725,0.5842895305358999,0.7607104694641,0.0,0.0
conservative_bandit,40.0,0.1,39.65,39.411493751089765,39.88850624891023,5.475,4.978819744292615,5.9711802557073845,7.175,6.965782226082302,7.3842177739176975,0.0,0.0,0.0,132.89287696816388,128.33902094630434,137.4467329900234,14.5,8.25,11.0,19.25,0.09613095238095237,0.07269855051377373,0.11956335424813101,0.0,0.0
periodic_full,40.0,0.2,40.0,40.0,40.0,0.0,0.0,0.0,0.0,0.0,0.0,4.0,4.0,4.0,107.81933726520086,104.72600416646694,110.91267036393478,16.0,8.5,10.5,19.0,0.1625,0.1250756318245273,0.1999243681754727,0.0,0.0
periodic_partial,40.0,0.2,40.0,40.0,40.0,0.0,0.0,0.0,10.0,10.0,10.0,0.0,0.0,0.0,149.92712703261333,147.95584240223835,151.8984116629883,13.5,10.0,8.0,18.0,0.08,0.06116892911252175,0.09883107088747825,0.0,0.0
threshold,40.0,0.2,40.0,40.0,40.0,0.0,0.0,0.0,1.5,0.3793271252021435,2.6206728747978563,3.4,2.9517308500808572,3.8482691499191426,41.478465470273115,38.70541300412459,44.25151793642164,17.0,10.5,12.75,23.25,0.615,0.5272618932013268,0.7027381067986732,0.0,0.0
conservative_bandit,40.0,0.2,39.6,39.34891905483362,39.85108094516638,5.65,5.166068345575694,6.133931654424306,7.075,6.871752582253764,7.278247417746236,0.0,0.0,0.0,134.10030967918425,130.15205081361896,138.04856854474954,13.5,10.0,8.0,18.0,0.1169642857142857,0.08879109891520395,0.14513747251336745,0.0,0.0
periodic_full,40.0,0.3,40.0,40.0,40.0,0.0,0.0,0.0,0.0,0.0,0.0,4.0,4.0,4.0,110.42746682078685,107.7952693022025,113.0596643393712,12.5,9.25,8.0,17.25,0.15,0.11156123751291593,0.18843876248708408,0.0,0.0
periodic_partial,40.0,0.3,40.0,40.0,40.0,0.0,0.0,0.0,10.0,10.0,10.0,0.0,0.0,0.0,151.06060663399734,148.91798012899287,153.2032331390018,12.5,8.25,8.75,17.0,0.08,0.05990371893059532,0.10009628106940469,0.0,0.0
threshold,40.0,0.3,40.0,40.0,40.0,0.0,0.0,0.0,1.75,0.5574687554488271,2.942531244551173,3.3,2.8229875021795308,3.777012497820469,42.27174058291911,39.04603871619609,45.49744244964213,20.0,11.0,13.5,24.5,0.63,0.5273485908773202,0.7326514091226798,0.0,0.0
conservative_bandit,40.0,0.3,39.9,39.763195441671385,40.03680455832861,6.1,5.640875303235072,6.559124696764927,6.925,6.709977580179086,7.140022419820913,0.0,0.0,0.0,131.9406775764548,127.82831544469651,136.05303970821308,12.5,8.25,8.75,17.0,0.10625,0.07763737764343055,0.13486262235656946,0.0,0.0
periodic_full,40.0,0.4,40.0,40.0,40.0,0.0,0.0,0.0,0.0,0.0,0.0,4.0,4.0,4.0,107.75694205529672,105.26273181126054,110.2511522993329,12.0,6.5,8.75,15.25,0.15625,0.11826436253205491,0.1942356374679451,0.0,0.0
periodic_partial,40.0,0.4,40.0,40.0,40.0,0.0,0.0,0.0,10.0,10.0,10.0,0.0,0.0,0.0,151.18748130342502,149.9613696072014,152.41359299964864,11.5,11.0,8.0,19.0,0.07250000000000001,0.053948899403719115,0.09105110059628091,0.0,0.0
threshold,40.0,0.4,40.0,40.0,40.0,0.0,0.0,0.0,2.75,1.3486096647276065,4.151390335272394,2.9,2.3394438658910426,3.4605561341089572,40.09241994941556,37.51931479552973,42.665525103301384,18.0,6.25,14.75,21.0,0.655,0.5598818602325482,0.7501181397674519,0.0,0.0
conservative_bandit,40.0,0.4,39.8,39.61168929112522,39.98831070887478,6.2,5.7281782170439834,6.671821782956017,6.85,6.644793162507079,7.05520683749292,0.0,0.0,0.0,130.01028823790068,124.76146702169243,135.25910945410894,11.5,11.0,8.0,19.0,0.10044642857142856,0.07409876481002914,0.12679409233282798,0.0,0.0
periodic_full,40.0,0.5,40.0,40.0,40.0,0.0,0.0,0.0,0.0,0.0,0.0,4.0,4.0,4.0,108.9360030244319,105.5717507166288,112.300255332235,15.5,6.5,11.75,18.25,0.18125,0.14621524161819016,0.21628475838180983,0.0,0.0
periodic_partial,40.0,0.5,40.0,40.0,40.0,0.0,0.0,0.0,10.0,10.0,10.0,0.0,0.0,0.0,150.6491114525329,149.09534660741906,152.20287629764675,14.5,10.5,8.5,19.0,0.085,0.06571666057221469,0.10428333942778532,0.0,0.0
threshold,40.0,0.5,40.0,40.0,40.0,0.0,0.0,0.0,2.0,0.744595274168117,3.255404725831883,3.2,2.697838109667247,3.7021618903327536,37.71035102457748,35.263682105648414,40.15701994350654,18.0,4.75,14.5,19.25,0.70125,0.6196722727889341,0.782827727211066,0.0,0.0
conservative_bandit,40.0,0.5,39.7,39.47586542504043,39.924134574959574,5.8,5.30276621605382,6.297233783946179,7.025,6.80883535477291,7.241164645227091,0.0,0.0,0.0,131.7187413137662,127.23698810221875,136.20049452531367,14.5,10.5,8.5,19.0,0.1200892857142857,0.0954009515385415,0.1447776198900299,0.0,0.025
periodic_full,50.0,0.1,50.0,50.0,50.0,0.0,0.0,0.0,0.0,0.0,0.0,5.0,5.0,5.0,121.9967800384766,119.62823518018138,124.36532489677182,14.0,8.0,10.0,18.0,0.12000000000000002,0.08924899001033276,0.15075100998966728,0.0,0.0
periodic_partial,50.0,0.1,48.0,48.0,48.0,0.0,0.0,0.0,12.0,12.0,12.0,0.0,0.0,0.0,153.54475239812865,152.00307117666574,155.08643361959156,12.5,12.5,8.0,20.5,0.07916666666666665,0.06071910102610914,0.09761423230722416,0.0,0.0
threshold,50.0,0.1,49.55,49.28788258649693,49.81211741350307,0.0,0.0,0.0,2.7,1.127295518981591,4.272704481018409,3.875,3.2197064662423296,4.53029353375767,40.18298312021123,37.7955998463977,42.57036639402477,20.5,8.75,17.0,25.75,0.6745833333333333,0.5991611484287346,0.750005518237932,0.0,0.0
conservative_bandit,50.0,0.1,49.45,49.16972193294552,49.730278067054485,6.725,5.900617729323872,7.549382270676127,9.0,8.628646274094914,9.371353725905086,0.0,0.0,0.0,135.4460151355342,129.64492723711788,141.2471030339505,12.5,12.5,8.0,20.5,0.10749188311688314,0.07896844387809764,0.13601532235566863,0.0,0.0
periodic_full,50.0,0.2,50.0,50.0,50.0,0.0,0.0,0.0,0.0,0.0,0.0,5.0,5.0,5.0,123.34262136486447,121.30095925258881,125.38428347714013,13.5,10.0,9.0,19.0,0.135,0.10560000000000001,0.1644,0.0,0.0
periodic_partial,50.0,0.2,48.0,48.0,48.0,0.0,0.0,0.0,12.0,12.0,12.0,0.0,0.0,0.0,155.48817793179782,154.1889644274466,156.78739143614905,15.0,20.25,9.75,30.0,0.08333333333333333,0.06307432668376262,0.10359233998290404,0.0,0.0
threshold,50.0,0.2,49.7,49.47586542504043,49.924134574959574,0.0,0.0,0.0,1.8,0.45519255024257244,3.144807449757428,4.25,3.689663562601072,4.810336437398928,43.2611915396452,39.788570956283024,46.73381212300738,20.5,7.25,18.0,25.25,0.6504166666666668,0.5685618598769192,0.7322714734564143,0.0,0.0
conservative_bandit,50.0,0.2,49.5,49.228196903849636,49.771803096150364,6.95,6.140805465372019,7.759194534627981,8.9,8.53669099116945,9.26330900883055,0.0,0.0,0.0,136.61613717703216,131.66929160543546,141.56298274862885,15.0,20.25,9.75,30.0,0.11384289321789323,0.09094367872442989,0.1367421077113566,0.0,0.0
periodic_full,50.0,0.3,50.0,50.0,50.0,0.0,0.0,0.0,0.0,0.0,0.0,5.0,5.0,5.0,123.99467496035595,121.63901083167663,126.35033908903527,15.0,11.5,10.0,21.5,0.11500000000000002,0.0839699731855971,0.14603002681440294,0.0,0.0
periodic_partial,50.0,0.3,48.0,48.0,48.0,0.0,0.0,0.0,12.0,12.0,12.0,0.0,0.0,0.0,156.8432346776504,155.61888628142734,158.06758307387346,12.0,8.25,8.0,16.25,0.10625,0.08214582571526836,0.13035417428473162,0.0,0.0
threshold,50.0,0.3,49.55,49.28788258649693,49.81211741350307,0.0,0.0,0.0,2.7,1.1272955189815905,4.27270448101841,3.875,3.2197064662423296,4.53029353375767,47.03029776452162,42.91489213301438,51.14570339602886,20.0,12.5,14.75,27.25,0.6358333333333333,0.5496309227867274,0.7220357438799391,0.0,0.0
conservative_bandit,50.0,0.3,49.35,49.056000000000004,49.644,6.725,5.915691352338623,7.534308647661376,8.975,8.613815375004233,9.336184624995767,0.0,0.0,0.0,138.60068558213533,133.34593373126043,143.85543743301022,12.0,8.25,8.0,16.25,0.11611201298701299,0.08791398903607492,0.14431003693795105,0.0,0.0
periodic_full,50.0,0.4,50.0,50.0,50.0,0.0,0.0,0.0,0.0,0.0,0.0,5.0,5.0,5.0,121.94743210532442,119.53294907825912,124.36191513238973,15.0,7.25,10.0,17.25,0.15,0.12281969038496376,0.17718030961503622,0.0,0.0
periodic_partial,50.0,0.4,48.0,48.0,48.0,0.0,0.0,0.0,12.0,12.0,12.0,0.0,0.0,0.0,153.79049463333004,152.30099887190082,155.27999039475927,13.5,12.25,5.75,18.0,0.08541666666666667,0.06647738465456539,0.10435594867876795,0.0,0.0
threshold,50.0,0.4,49.55,49.28788258649693,49.81211741350307,0.0,0.0,0.0,2.7,1.1272955189815905,4.27270448101841,3.875,3.2197064662423296,4.53029353375767,42.15694880047054,39.137324431930196,45.17657316901088,22.0,7.0,18.0,25.0,0.7054166666666667,0.6102540396699141,0.8005792936634193,0.0,0.0
conservative_bandit,50.0,0.4,49.35,49.056000000000004,49.644,6.975,6.125606264475232,7.824393735524767,8.85,8.475016786700511,9.224983213299488,0.0,0.0,0.0,135.3418644114565,129.71881522349565,140.96491359941734,13.5,12.25,5.75,18.0,0.1310930735930736,0.10511384296245817,0.157072304223689,0.0,0.0
periodic_full,50.0,0.5,50.0,50.0,50.0,0.0,0.0,0.0,0.0,0.0,0.0,5.0,5.0,5.0,122.05862903193217,119.8658806216684,124.25137744219595,15.5,7.25,10.75,18.0,0.11499999999999999,0.08396997318559707,0.1460300268144029,0.0,0.0
periodic_partial,50.0,0.5,48.0,48.0,48.0,0.0,0.0,0.0,12.0,12.0,12.0,0.0,0.0,0.0,154.51671786826995,152.93396361257862,156.09947212396128,11.5,9.0,8.0,17.0,0.07499999999999998,0.054910527767338055,0.09508947223266191,0.0,0.0
threshold,50.0,0.5,49.9,49.763195441671385,50.03680455832861,0.0,0.0,0.0,0.6,-0.22082734997168463,1.4208273499716846,4.75,4.407988604178465,5.092011395821535,41.93878636286091,39.26363432116033,44.61393840456149,20.0,8.0,16.0,24.0,0.6675000000000001,0.5740963117732552,0.760903688226745,0.0,0.0
conservative_bandit,50.0,0.5,49.45,49.16972193294552,49.730278067054485,6.825,5.9376069439659585,7.712393056034042,8.825,8.339353959222278,9.310646040777721,0.05,-0.018402279164307034,0.11840227916430704,137.24956107757114,131.0125660429233,143.48655611221898,11.5,9.0,8.0,17.0,0.11008477633477634,0.08429290898619708,0.1358766436833556,0.0,0.0
periodic_full,60.0,0.1,60.0,60.0,60.0,0.0,0.0,0.0,0.0,0.0,0.0,6.0,6.0,6.0,134.58142044773797,132.70139249276863,136.4614484027073,14.0,10.25,9.0,19.25,0.10833333333333332,0.08338375454968486,0.1332829121169818,0.0,0.0
periodic_partial,60.0,0.1,60.0,60.0,60.0,0.0,0.0,0.0,15.0,15.0,15.0,0.0,0.0,0.0,158.48569363802707,157.3581127854196,159.61327449063455,14.0,16.75,11.25,28.0,0.1,0.07480487543205429,0.12519512456794574,0.0,0.025
threshold,60.0,0.1,60.0,60.0,60.0,0.0,0.0,0.0,2.25,0.5689906878032154,3.9310093121967844,5.1,4.427596275121286,5.772403724878713,40.14816794959868,37.22954331638976,43.0667925828076,20.5,7.25,17.0,24.25,0.695,0.6260181567305229,0.763981843269477,0.0,0.0
conservative_bandit,60.0,0.1,58.85,58.539699731855976,59.16030026814403,4.075,3.498899247593725,4.6511007524062755,12.675,12.418221586097754,12.931778413902247,0.0,0.0,0.0,152.59640677908354,149.45895182515093,155.73386173301614,14.0,16.75,11.25,28.0,0.12110528360528361,0.09491285060601255,0.14729771660455465,0.0,0.0
periodic_full,60.0,0.2,60.0,60.0,60.0,0.0,0.0,0.0,0.0,0.0,0.0,6.0,6.0,6.0,132.8842765725537,131.02628156512986,134.7422715799775,13.5,9.0,8.0,17.0,0.09583333333333333,0.06997497765466423,0.12169168901200242,0.0,0.0
periodic_partial,60.0,0.2,60.0,60.0,60.0,0.0,0.0,0.0,15.0,15.0,15.0,0.0,0.0,0.0,159.09450179666632,158.06383260260898,160.12517099072366,12.0,29.5,7.0,36.5,0.10333333333333332,0.0809198758373762,0.12574679082929044,0.0,0.025
threshold,60.0,0.2,60.0,60.0,60.0,0.0,0.0,0.0,1.125,-0.11498526666185072,2.3649852666618507,5.55,5.054005893335259,6.0459941066647405,39.452599524284366,36.210352683643244,42.69484636492549,20.0,9.25,14.75,24.0,0.6483333333333334,0.560369420116094,0.7362972465505728,0.0,0.0
conservative_bandit,60.0,0.2,59.2,58.89248990010333,59.50751009989668,4.15,3.617608106555774,4.682391893444226,12.725,12.492374020896534,12.957625979103465,0.0,0.0,0.0,152.9919363989089,150.5552096873458,155.428663110472,12.0,29.5,7.0,36.5,0.11648601398601399,0.09039785956434664,0.14257416840768133,0.0,0.0
periodic_full,60.0,0.3,60.0,60.0,60.0,0.0,0.0,0.0,0.0,0.0,0.0,6.0,6.0,6.0,135.02266413743547,133.34558423819084,136.6997440366801,14.0,9.25,9.75,19.0,0.1,0.07437415834194397,0.12562584165805604,0.0,0.0
periodic_partial,60.0,0.3,60.0,60.0,60.0,0.0,0.0,0.0,15.0,15.0,15.0,0.0,0.0,0.0,159.11152602654835,158.08634937790148,160.1367026751952,13.0,19.25,7.75,27.0,0.10499999999999998,0.08311152067717979,0.12688847932282019,0.0,0.05
threshold,60.0,0.3,60.0,60.0,60.0,0.0,0.0,0.0,3.375,1.4091193987269885,5.340880601273011,4.65,3.863647759490796,5.436352240509205,42.85813949122672,40.373465099699146,45.3428138827543,23.0,12.0,16.0,28.0,0.6591666666666667,0.5869321090744636,0.7314012242588698,0.0,0.0
conservative_bandit,60.0,0.3,59.1,58.78772201732825,59.41227798267175,4.3,3.7420859362194725,4.857914063780528,12.625,12.365360456964483,12.884639543035517,0.0,0.0,0.0,153.19570751008334,149.87458183544516,156.51683318472152,13.0,19.25,7.75,27.0,0.1133595571095571,0.08729362859735226,0.13942548562176194,0.0,0.0
periodic_full,60.0,0.4,60.0,60.0,60.0,0.0,0.0,0.0,0.0,0.0,0.0,6.0,6.0,6.0,131.19146125599354,129.1653224745361,133.21760003745098,12.0,7.25,8.75,16.0,0.09166666666666665,0.06313573178863917,0.12019760154469412,0.0,0.0
periodic_partial,60.0,0.4,60.0,60.0,60.0,0.0,0.0,0.0,15.0,15.0,15.0,0.0,0.0,0.0,158.4464066872488,157.32510918571927,159.56770418877835,12.0,15.25,9.0,24.25,0.085,0.06356626457555721,0.1064337354244428,0.0,0.0
threshold,60.0,0.4,60.0,60.0,60.0,0.0,0.0,0.0,2.25,0.5689906878032154,3.9310093121967844,5.1,4.427596275121286,5.772403724878713,40.20713361025726,36.85017957162185,43.56408764889267,19.0,10.5,14.0,24.5,0.6174999999999999,0.541015430116922,0.6939845698830779,0.0,0.0
conservative_bandit,60.0,0.4,59.3,59.000605054596214,59.59939494540378,5.375,4.633329415164484,6.116670584835516,12.075,11.681823879745396,12.468176120254602,0.025,-0.023999999999999994,0.074,148.487995352351,144.58346330996778,152.3925273947342,12.0,15.25,9.0,24.25,0.11256847319347321,0.08843930765892416,0.13669763872802226,0.0,0.0
periodic_full,60.0,0.5,60.0,60.0,60.0,0.0,0.0,0.0,0.0,0.0,0.0,6.0,6.0,6.0,134.822554992498,132.76605198681702,136.87905799817898,15.0,8.5,9.75,18.25,0.09166666666666666,0.06313573178863918,0.12019760154469414,0.0,0.0
periodic_partial,60.0,0.5,60.0,60.0,60.0,0.0,0.0,0.0,15.0,15.0,15.0,0.0,0.0,0.0,159.07024026751418,157.95084375415632,160.18963678087204,14.0,20.0,8.0,28.0,0.10166666666666666,0.07562248111327297,0.12771085222006034,0.0,0.05
threshold,60.0,0.5,60.0,60.0,60.0,0.0,0.0,0.0,3.0,1.1168929112521755,4.883107088747824,4.8,4.04675716450087,5.5532428354991294,40.96725032535244,38.846887144337614,43.08761350636726,20.0,7.25,17.75,25.0,0.6691666666666667,0.5850039645513565,0.7533293687819769,0.0,0.0
conservative_bandit,60.0,0.5,59.0,58.68614881854203,59.31385118145797,3.95,3.4954572317095693,4.404542768290431,12.775,12.582966415864576,12.967033584135425,0.0,0.0,0.0,155.5965404125002,154.15321273364668,157.0398680913537,14.0,20.0,8.0,28.0,0.12007575757575757,0.0889334495129074,0.15121806563860776,0.0,0.0
periodic_full,70.0,0.1,70.0,70.0,70.0,0.0,0.0,0.0,0.0,0.0,0.0,7.0,7.0,7.0,136.15140956152283,134.22550379702196,138.0773153260237,14.0,6.5,10.5,17.0,0.1,0.07713809573402368,0.12286190426597633,0.0,0.0
periodic_partial,70.0,0.1,68.0,68.0,68.0,0.0,0.0,0.0,17.0,17.0,17.0,0.0,0.0,0.0,159.80021161608636,158.79243689699734,160.80798633517537,22.0,27.5,6.75,34.25,0.125,0.0998256456958581,0.1501743543041419,0.0,0.0
threshold,70.0,0.1,69.55,69.28788258649693,69.81211741350306,0.0,0.0,0.0,3.825,1.5970019852239203,6.05299801477608,5.425,4.507589052739261,6.342410947260738,44.05460288952959,41.08386346683479,47.02534231222439,23.0,8.0,19.0,27.0,0.7010504201680672,0.6328647364551231,0.7692361038810113,0.0,0.0
conservative_bandit,70.0,0.1,69.5,69.22819690384964,69.77180309615036,3.75,3.3188114220627014,4.181188577937299,15.5,15.26724173428982,15.73275826571018,0.0,0.0,0.0,156.5438198214861,154.39066177747182,158.69697786550037,22.0,27.5,6.75,34.25,0.10056547619047618,0.07882995562287234,0.12230099675808001,0.0,0.0
periodic_full,70.0,0.2,70.0,70.0,70.0,0.0,0.0,0.0,0.0,0.0,0.0,7.0,7.0,7.0,138.86595551463077,137.1424168609147,140.58949416834685,12.0,7.25,8.75,16.0,0.1,0.07309847016074537,0.12690152983925465,0.0,0.0
periodic_partial,70.0,0.2,68.0,68.0,68.0,0.0,0.0,0.0,17.0,17.0,17.0,0.0,0.0,0.0,160.46680471027955,159.41034820296207,161.52326121759702,21.0,27.25,8.0,35.25,0.12941176470588234,0.10356519682110828,0.1552583325906564,0.0,0.0
threshold,70.0,0.2,69.8,69.61168929112522,69.98831070887478,0.0,0.0,0.0,1.7,0.09935897456434906,3.3006410254356506,6.3,5.640912518938261,6.959087481061738,40.04767295783503,37.93594150198866,42.15940441368141,22.0,8.0,17.0,25.0,0.6531512605042017,0.5755089375305678,0.7307935834778356,0.0,0.0
conservative_bandit,70.0,0.2,69.4,69.11235064080351,69.6876493591965,3.65,3.2952648514158405,4.004735148584159,15.525,15.31460848462072,15.73539151537928,0.0,0.0,0.0,158.26381184197461,156.81286665436082,159.7147570295884,21.0,27.25,8.0,35.25,0.13319940476190478,0.10408248388308117,0.1623163256407284,0.0,0.05
periodic_full,70.0,0.3,70.0,70.0,70.0,0.0,0.0,0.0,0.0,0.0,0.0,7.0,7.0,7.0,137.49807301429627,135.85470171336672,139.1414443152258,13.0,8.0,8.0,16.0,0.1,0.0794536172002504,0.12054638279974961,0.0,0.0
periodic_partial,70.0,0.3,68.0,68.0,68.0,0.0,0.0,0.0,17.0,17.0,17.0,0.0,0.0,0.0,160.94408880843366,160.01987117732696,161.86830643954036,21.0,37.75,10.0,47.75,0.15294117647058822,0.1262512123772763,0.17963114056390014,0.0,0.05
threshold,70.0,0.3,69.45,69.16972193294552,69.73027806705448,0.0,0.0,0.0,4.675,2.2926364300369313,7.057363569963068,5.075,4.094026765309325,6.055973234690676,41.578441218566226,38.86013671568892,44.296745721443536,21.5,13.5,15.75,29.25,0.6710084033613446,0.5989474984140299,0.7430693083086592,0.0,0.0
conservative_bandit,70.0,0.3,69.5,69.22819690384964,69.77180309615036,3.85,3.27749036510179,4.42250963489821,15.45,15.152668448895763,15.747331551104235,0.0,0.0,0.0,158.72849139988466,157.04110946350067,160.41587333626865,21.0,37.5,10.0,47.5,0.1446496212121212,0.11750286847957833,0.17179637394466404,0.0,0.0
periodic_full,70.0,0.4,70.0,70.0,70.0,0.0,0.0,0.0,0.0,0.0,0.0,7.0,7.0,7.0,137.96462499992305,136.37173453545003,139.55751546439606,15.0,8.5,11.75,20.25,0.09285714285714286,0.07147178961401561,0.11424249610027011,0.0,0.0
periodic_partial,70.0,0.4,68.0,68.0,68.0,0.0,0.0,0.0,17.0,17.0,17.0,0.0,0.0,0.0,160.3606274519471,159.45082312877278,161.2704317751214,21.0,24.25,10.75,35.0,0.125,0.10051195837934263,0.14948804162065737,0.0,0.05
threshold,70.0,0.4,69.65,69.41149375108976,69.88850624891025,0.0,0.0,0.0,2.975,0.9476968842630065,5.002303115736994,5.775,4.940228128814179,6.6097718711858215,39.599138582262626,37.14743105841424,42.05084610611101,22.0,7.5,17.75,25.25,0.6334033613445378,0.5537714476277795,0.713035275061296,0.0,0.0
conservative_bandit,70.0,0.4,69.6,69.34891905483362,69.85108094516637,3.95,3.3976308369326795,4.502369163067321,15.425,15.136602526772334,15.713397473227667,0.0,0.0,0.0,156.6515846396028,154.72211135264277,158.5810579265628,21.0,24.25,10.75,35.0,0.12342490842490843,0.10127492489762094,0.14557489195219592,0.0,0.05
periodic_full,70.0,0.5,70.0,70.0,70.0,0.0,0.0,0.0,0.0,0.0,0.0,7.0,7.0,7.0,137.05939859038617,135.46713174899014,138.6516654317822,12.0,8.5,8.75,17.25,0.09642857142857143,0.07315814340258059,0.11969899945456228,0.0,0.0
periodic_partial,70.0,0.5,68.0,68.0,68.0,0.0,0.0,0.0,17.0,17.0,17.0,0.0,0.0,0.0,159.666159106236,158.3240213842421,161.0082968282299,12.0,24.5,7.0,31.5,0.13088235294117648,0.09931113198403432,0.16245357389831863,0.0,0.0
threshold,70.0,0.5,69.65,69.41149375108976,69.88850624891025,0.0,0.0,0.0,2.975,0.9476968842630065,5.002303115736994,5.775,4.940228128814179,6.6097718711858215,41.83608232657302,38.257357745938606,45.414806907207435,21.0,12.0,16.0,28.0,0.6987394957983193,0.6333803934363972,0.7640985981602414,0.0,0.0
conservative_bandit,70.0,0.5,69.35,69.056,69.64399999999999,4.275,3.7224636802748763,4.827536319725124,15.2,14.917533936687825,15.482466063312174,0.0,0.0,0.0,156.6149479864628,154.86962095893176,158.36027501399383,12.0,24.5,7.0,31.5,0.14830242673992675,0.12257809748905475,0.17402675599079873,0.0,0.025
periodic_full,80.0,0.1,80.0,80.0,80.0,0.0,0.0,0.0,0.0,0.0,0.0,8.0,8.0,8.0,143.08370344076565,141.9073920792208,144.26001480231048,13.0,9.25,11.0,20.25,0.08125,0.06253781591226365,0.09996218408773636,0.0,0.0
periodic_partial,80.0,0.1,80.0,80.0,80.0,0.0,0.0,0.0,20.0,20.0,20.0,0.0,0.0,0.0,162.06934632698025,161.18568767676476,162.95300497719575,28.0,40.5,10.0,50.5,0.16875,0.14164056484618365,0.19585943515381637,0.0,0.075
threshold,80.0,0.1,80.0,80.0,80.0,0.0,0.0,0.0,2.5,0.42406956294600784,4.575930437053993,7.0,6.169627825178403,7.830372174821597,41.063887504466244,38.485536136085855,43.64223887284663,22.0,10.25,17.75,28.0,0.69625,0.6170346286122286,0.7754653713877715,0.0,0.0
conservative_bandit,80.0,0.1,78.4,78.14891905483363,78.65108094516638,3.3,3.125255057664621,3.4747449423353785,17.95,17.881597720835693,18.018402279164306,0.0,0.0,0.0,158.8119081076391,157.82952028976834,159.79429592550989,28.0,40.0,10.0,50.0,0.15163398692810456,0.1269597295060086,0.17630824435020054,0.0,0.075
periodic_full,80.0,0.2,80.0,80.0,80.0,0.0,0.0,0.0,0.0,0.0,0.0,8.0,8.0,8.0,142.13072013080586,140.94583635203549,143.31560390957623,12.5,8.0,9.0,17.0,0.06875,0.04923262608301557,0.08826737391698444,0.0,0.0
periodic_partial,80.0,0.2,80.0,80.0,80.0,0.0,0.0,0.0,20.0,20.0,20.0,0.0,0.0,0.0,162.03132868138692,161.2146978923448,162.84795947042906,28.0,51.0,8.0,59.0,0.16999999999999998,0.1382637633304023,0.20173623666959767,0.0,0.05
threshold,80.0,0.2,80.0,80.0,80.0,0.0,0.0,0.0,4.5,1.8788258649693175,7.1211741350306825,6.2,5.1515303459877275,7.248469654012273,43.22369217323308,39.95278422415004,46.49460012231613,25.5,9.25,19.75,29.0,0.621875,0.5493406651814873,0.6944093348185126,0.0,0.0
conservative_bandit,80.0,0.2,78.35,78.11149375108975,78.58850624891024,3.275,3.1032757875889216,3.446724212411078,17.95,17.881597720835693,18.018402279164306,0.0,0.0,0.0,158.92795663985717,158.07010101070344,159.7858122690109,28.0,60.0,8.0,68.0,0.18513071895424837,0.1566296654929555,0.21363177241554124,0.0,0.075
periodic_full,80.0,0.3,80.0,80.0,80.0,0.0,0.0,0.0,0.0,0.0,0.0,8.0,8.0,8.0,144.07393550515297,142.9562974724419,145.19157353786406,15.0,7.75,12.5,20.25,0.0875,0.06749583376727071,0.10750416623272928,0.0,0.0
periodic_partial,80.0,0.3,80.0,80.0,80.0,0.0,0.0,0.0,20.0,20.0,20.0,0.0,0.0,0.0,162.08356677807942,161.3184747541065,162.84865880205234,27.5,40.0,7.0,47.0,0.17250000000000001,0.14648866617838513,0.1985113338216149,0.0,0.05
threshold,80.0,0.3,80.0,80.0,80.0,0.0,0.0,0.0,2.0,0.11689291125217549,3.8831070887478245,7.2,6.4467571645008706,7.95324283549913,40.739871845844974,37.642279246497424,43.83746444519252,24.0,9.5,19.0,28.5,0.733125,0.6680815787289673,0.7981684212710327,0.0,0.0
conservative_bandit,80.0,0.3,78.75,78.44611490025643,79.05388509974357,3.475,3.203310178743555,3.746689821256445,17.95,17.852,18.048,0.0,0.0,0.0,158.7395211436057,157.68590944989333,159.7931328373181,27.5,40.0,7.0,47.0,0.1769097222222222,0.1477619753612746,0.2060574690831698,0.0,0.05
periodic_full,80.0,0.4,80.0,80.0,80.0,0.0,0.0,0.0,0.0,0.0,0.0,8.0,8.0,8.0,142.51471553796137,141.15952480244175,143.86990627348098,11.0,7.25,7.75,15.0,0.075,0.0505,0.09949999999999999,0.0,0.0
periodic_partial,80.0,0.4,80.0,80.0,80.0,0.0,0.0,0.0,20.0,20.0,20.0,0.0,0.0,0.0,162.230258863397,161.42384173051408,163.03667599627994,10.0,42.5,6.75,49.25,0.18125,0.15436861882554853,0.20813138117445146,0.0,0.1
threshold,80.0,0.4,80.0,80.0,80.0,0.0,0.0,0.0,4.5,1.8788258649693175,7.1211741350306825,6.2,5.1515303459877275,7.248469654012273,41.82924541414487,37.88584829854574,45.772642529744004,20.5,15.25,13.0,28.25,0.566875,0.48976983216378245,0.6439801678362176,0.0,0.0
conservative_bandit,80.0,0.4,78.45,78.18788258649694,78.71211741350307,3.525,3.219196350913087,3.8308036490869126,17.85,17.71777214692734,17.98222785307266,0.0,0.0,0.0,158.78663388388455,157.6013486543968,159.9719191133723,10.0,42.5,6.75,49.25,0.17838031045751634,0.147326538233026,0.2094340826820067,0.0,0.1
periodic_full,80.0,0.5,80.0,80.0,80.0,0.0,0.0,0.0,0.0,0.0,0.0,8.0,8.0,8.0,143.00048787601926,141.69042985606592,144.3105458959726,13.0,12.0,7.0,19.0,0.090625,0.06915947344861521,0.11209052655138478,0.0,0.0
periodic_partial,80.0,0.5,80.0,80.0,80.0,0.0,0.0,0.0,20.0,20.0,20.0,0.0,0.0,0.0,162.44561346743586,161.84131724984735,163.04990968502437,39.0,52.0,17.0,69.0,0.18625,0.1593,0.2132,0.0,0.025
threshold,80.0,0.5,80.0,80.0,80.0,0.0,0.0,0.0,2.5,0.42406956294600784,4.575930437053993,7.0,6.169627825178403,7.830372174821597,42.88895587943959,39.812324562293426,45.96558719658576,25.0,10.25,20.75,31.0,0.693125,0.6251292234767483,0.7611207765232517,0.0,0.0
conservative_bandit,80.0,0.5,78.7,78.40060505459623,78.99939494540378,3.5,3.278073701307659,3.721926298692341,17.925,17.842334315555878,18.007665684444124,0.0,0.0,0.0,159.64981104091441,158.63648585831723,160.6631362235116,39.0,55.0,17.0,72.0,0.2091503267973856,0.17952941760737362,0.23877123598739758,0.0,0.1
periodic_full,90.0,0.1,90.0,90.0,90.0,0.0,0.0,0.0,0.0,0.0,0.0,9.0,9.0,9.0,145.03086519029105,143.90461999003716,146.15711039054494,14.5,6.25,11.75,18.0,0.08333333333333333,0.06307432668376262,0.10359233998290404,0.0,0.0
periodic_partial,90.0,0.1,80.0,80.0,80.0,0.0,0.0,0.0,20.0,20.0,20.0,0.0,0.0,0.0,161.01142344844146,160.05444188134481,161.9684050155381,24.0,40.5,7.0,47.5,0.16,0.12997836677429989,0.19002163322570012,0.0,0.025
threshold,90.0,0.1,89.5,89.22819690384964,89.77180309615036,0.0,0.0,0.0,5.5,2.510165942346015,8.489834057653985,6.75,5.52688606732337,7.97311393267663,39.576746516861874,36.42956757823034,42.72392545549341,22.5,11.0,19.5,30.5,0.6412878787878787,0.5692661858107034,0.713309571765054,0.0,0.0
conservative_bandit,90.0,0.1,86.5,86.19409570794538,86.80590429205462,3.25,3.097047853972692,3.402952146027308,20.0,20.0,20.0,0.0,0.0,0.0,160.96422069138862,160.14024449699284,161.7881968857844,24.0,40.5,7.0,47.5,0.17625,0.14907252181469333,0.20342747818530665,0.0,0.025
periodic_full,90.0,0.2,90.0,90.0,90.0,0.0,0.0,0.0,0.0,0.0,0.0,9.0,9.0,9.0,144.16200101107074,143.10342323745368,145.2205787846878,14.0,4.5,11.5,16.0,0.08611111111111111,0.06784468740846869,0.10437753481375353,0.0,0.0
periodic_partial,90.0,0.2,80.0,80.0,80.0,0.0,0.0,0.0,20.0,20.0,20.0,0.0,0.0,0.0,161.921968040933,161.10939219545745,162.73454388640855,30.0,52.5,9.75,62.25,0.15125,0.12441446218642917,0.1780855378135708,0.0,0.125
threshold,90.0,0.2,89.75,89.5424069562946,89.9575930437054,0.0,0.0,0.0,2.75,0.4664765192406084,5.033523480759392,7.875,6.940831303325703,8.809168696674297,39.968073075916564,37.29783027675875,42.638315875074376,24.5,11.25,18.0,29.25,0.7228535353535352,0.661366310665944,0.7843407600411265,0.0,0.0
conservative_bandit,90.0,0.2,86.65,86.29526485141585,87.00473514858416,3.325,3.1476324257079207,3.5023675742920797,20.0,20.0,20.0,0.0,0.0,0.0,160.92946766786767,159.96391603616084,161.8950192995745,30.0,61.75,9.75,71.5,0.16875,0.1435226555052576,0.1939773444947424,0.0,0.075
periodic_full,90.0,0.3,90.0,90.0,90.0,0.0,0.0,0.0,0.0,0.0,0.0,9.0,9.0,9.0,146.40791404934168,145.24594566256036,147.569882436123,13.5,8.0,10.0,18.0,0.08333333333333333,0.060267439588288965,0.10639922707837769,0.0,0.0
periodic_partial,90.0,0.3,80.0,80.0,80.0,0.0,0.0,0.0,20.0,20.0,20.0,0.0,0.0,0.0,162.271956357769,161.33780424805468,163.20610846748332,20.0,61.5,7.0,68.5,0.19875,0.16688067647327165,0.23061932352672837,0.0,0.15
threshold,90.0,0.3,89.65,89.41149375108976,89.88850624891025,0.0,0.0,0.0,3.85,1.2264312619874205,6.473568738012579,7.425,6.351721879903945,8.498278120096055,41.81075464567864,39.0511940311185,44.570315260238786,23.5,13.5,18.0,31.5,0.7190656565656566,0.6473181679119149,0.7908131452193983,0.0,0.0
conservative_bandit,90.0,0.3,86.75,86.36083719048746,87.13916280951254,3.525,3.109888059582812,3.940111940417188,19.925,19.778000000000002,20.072,0.0,0.0,0.0,161.100810769298,159.83886454191781,162.36275699667817,20.0,65.5,7.0,72.5,0.20066176470588237,0.1703529318676315,0.23097059754413324,0.0,0.075
periodic_full,90.0,0.4,90.0,90.0,90.0,0.0,0.0,0.0,0.0,0.0,0.0,9.0,9.0,9.0,145.46372293595104,144.44922657299983,146.47821929890225,14.0,7.25,11.0,18.25,0.06666666666666667,0.04353496424653696,0.08979836908679636,0.0,0.0
periodic_partial,90.0,0.4,80.0,80.0,80.0,0.0,0.0,0.0,20.0,20.0,20.0,0.0,0.0,0.0,161.74159120947442,160.80965089042573,162.6735315285231,30.0,42.75,14.5,57.25,0.17375000000000002,0.14276216222864868,0.20473783777135135,0.0,0.1
threshold,90.0,0.4,89.8,89.61168929112522,89.98831070887478,0.0,0.0,0.0,2.2,0.12858220237739326,4.2714177976226075,8.1,7.252601810063479,8.947398189936521,42.19524564220639,39.13515310524842,45.255338179164355,23.0,10.5,18.75,29.25,0.6887626262626262,0.6334089209108926,0.7441163316143597,0.0,0.0
conservative_bandit,90.0,0.4,87.2,86.76060834595884,87.63939165404116,4.1,3.4166976117075585,4.783302388292441,19.75,19.471484705571186,20.028515294428814,0.0,0.0,0.0,160.16916468353557,158.561584219855,161.77674514721613,30.0,44.0,14.5,58.5,0.17816176470588235,0.15030420310087322,0.20601932631089148,0.0,0.075
periodic_full,90.0,0.5,90.0,90.0,90.0,0.0,0.0,0.0,0.0,0.0,0.0,9.0,9.0,9.0,146.5432505405609,145.36192843745152,147.72457264367029,14.0,7.5,10.75,18.25,0.075,0.0538058986148677,0.09619410138513229,0.0,0.0
periodic_partial,90.0,0.5,80.0,80.0,80.0,0.0,0.0,0.0,20.0,20.0,20.0,0.0,0.0,0.0,161.57444690118146,160.74006808444318,162.40882571791974,18.5,40.5,8.75,49.25,0.17625,0.1493,0.2032,0.0,0.025
threshold,90.0,0.5,89.6,89.34891905483362,89.85108094516637,0.0,0.0,0.0,4.4,1.6381096031698577,7.1618903968301435,7.2,6.070135746751306,8.329864253248696,41.91543800558825,38.32222890111513,45.50864711006137,21.0,14.25,15.75,30.0,0.6741161616161616,0.6047978662719847,0.7434344569603385,0.0,0.0
conservative_bandit,90.0,0.5,86.9,86.50424871835574,87.29575128164427,3.6,3.2233785822504353,3.976621417749565,19.925,19.778000000000002,20.072,0.0,0.0,0.0,160.94620707584914,159.97665526596288,161.9157588857354,18.5,40.5,8.75,49.25,0.18316176470588236,0.1561307868414649,0.21019274257029982,0.0,0.05
periodic_full,100.0,0.1,100.0,100.0,100.0,0.0,0.0,0.0,0.0,0.0,0.0,10.0,10.0,10.0,146.35917894040773,145.2890886640077,147.42926921680777,15.0,8.25,11.0,19.25,0.0875,0.06402663812001531,0.11097336187998467,0.0,0.0
periodic_partial,100.0,0.1,100.0,100.0,100.0,0.0,0.0,0.0,25.0,25.0,25.0,0.0,0.0,0.0,162.7191433010425,162.1428355690014,163.2954510330836,30.5,74.0,8.0,82.0,0.24000000000000005,0.2135172082965135,0.2664827917034866,0.0,0.125
threshold,100.0,0.1,100.0,100.0,100.0,0.0,0.0,0.0,3.75,0.9483178130053589,6.5516821869946416,8.5,7.379327125202144,9.620672874797856,40.56267472843559,36.94245865413503,44.182890802736146,24.0,12.25,18.75,31.0,0.6775,0.6017169618463678,0.7532830381536322,0.0,0.0
conservative_bandit,100.0,0.1,98.45,98.18788258649694,98.71211741350307,3.525,3.272086768704952,3.777913231295048,22.85,22.737932712520216,22.962067287479787,0.0,0.0,0.0,160.46784155411473,159.71647072994344,161.21921237828602,30.5,65.75,8.0,73.75,0.26620553359683796,0.23255562598261326,0.29985544121106267,0.0,0.125
periodic_full,100.0,0.2,100.0,100.0,100.0,0.0,0.0,0.0,0.0,0.0,0.0,10.0,10.0,10.0,146.3548236522403,145.37642645431993,147.33322085016067,15.0,9.5,11.5,21.0,0.085,0.06220524126819884,0.10779475873180117,0.0,0.0
periodic_partial,100.0,0.2,100.0,100.0,100.0,0.0,0.0,0.0,25.0,25.0,25.0,0.0,0.0,0.0,162.75136027184928,161.95358755151176,163.5491329921868,46.5,66.5,6.75,73.25,0.24100000000000002,0.20554870643566564,0.2764512935643344,0.0,0.1
threshold,100.0,0.2,100.0,100.0,100.0,0.0,0.0,0.0,4.375,1.3936718886220683,7.356328111377932,8.25,7.057468755448827,9.442531244551173,41.175306779393836,38.05075241638373,44.29986114240394,25.0,14.0,19.25,33.25,0.713,0.6529969399070945,0.7730030600929054,0.0,0.0
conservative_bandit,100.0,0.2,98.3,98.07586542504042,98.52413457495958,3.2,3.056175320401753,3.343824679598247,22.975,22.926000000000002,23.024,0.0,0.0,0.0,160.97341107501398,160.1137217581824,161.83310039184556,46.5,91.25,6.75,98.0,0.25014822134387354,0.21310521726635673,0.28719122542139036,0.0,0.125
periodic_full,100.0,0.3,100.0,100.0,100.0,0.0,0.0,0.0,0.0,0.0,0.0,10.0,10.0,10.0,146.2161019324805,145.20541215809695,147.22679170686408,13.5,9.25,8.75,18.0,0.05500000000000001,0.03521243591778685,0.07478756408221317,0.0,0.0
periodic_partial,100.0,0.3,100.0,100.0,100.0,0.0,0.0,0.0,25.0,25.0,25.0,0.0,0.0,0.0,163.1736059254346,162.52876748498818,163.81844436588102,23.0,90.0,6.75,96.75,0.23700000000000002,0.2107582122247545,0.26324178777524554,0.0,0.2
threshold,100.0,0.3,100.0,100.0,100.0,0.0,0.0,0.0,2.5,0.14611613906521903,4.853883860934781,9.0,8.058446455626088,9.941553544373912,40.605928406163365,37.75021640852699,43.46164040379974,23.0,10.25,19.75,30.0,0.6145,0.5548519657512204,0.6741480342487797,0.0,0.0
conservative_bandit,100.0,0.3,98.6,98.3123506408035,98.88764935919649,3.6,3.2366909911694512,3.963309008830549,22.85,22.684668631111755,23.015331368888248,0.0,0.0,0.0,160.43585432099474,159.38551778716237,161.4861908548271,23.0,75.25,6.75,82.0,0.21081521739130435,0.18020353497927252,0.24142689980333618,0.0,0.125
periodic_full,100.0,0.4,100.0,100.0,100.0,0.0,0.0,0.0,0.0,0.0,0.0,10.0,10.0,10.0,145.61436457450628,144.56624271772145,146.66248643129111,13.5,8.75,9.5,18.25,0.0775,0.05705445631903479,0.09794554368096521,0.0,0.0
periodic_partial,100.0,0.4,100.0,100.0,100.0,0.0,0.0,0.0,25.0,25.0,25.0,0.0,0.0,0.0,162.5498606183604,161.8169419538722,163.28277928284862,23.0,55.25,8.0,63.25,0.23200000000000004,0.19581035932331342,0.26818964067668666,0.0,0.15
threshold,100.0,0.4,100.0,100.0,100.0,0.0,0.0,0.0,8.75,5.007563182452731,12.492436817547269,6.5,5.003025272981093,7.996974727018907,44.11783915662786,40.846371560826555,47.389306752429164,27.5,16.0,21.0,37.0,0.6555,0.599717642803849,0.711282357196151,0.0,0.0
conservative_bandit,100.0,0.4,98.7,98.40060505459623,98.99939494540378,3.85,3.3412608849523293,4.358739115047671,22.75,22.519901916120258,22.980098083879742,0.0,0.0,0.0,160.11733970947188,159.10597391809296,161.1287055008508,23.0,59.25,8.0,67.25,0.24206827592697158,0.2043352046485042,0.279801347205439,0.0,0.15
periodic_full,100.0,0.5,100.0,100.0,100.0,0.0,0.0,0.0,0.0,0.0,0.0,10.0,10.0,10.0,146.64883494454725,145.64586960390812,147.65180028518637,12.0,8.5,9.75,18.25,0.0875,0.06622804301795074,0.10877195698204925,0.0,0.0
periodic_partial,100.0,0.5,100.0,100.0,100.0,0.0,0.0,0.0,25.0,25.0,25.0,0.0,0.0,0.0,163.23261767105183,162.49904858056723,163.96618676153642,47.0,88.25,14.75,103.0,0.25,0.22168373485441853,0.27831626514558144,0.0,0.2
threshold,100.0,0.5,100.0,100.0,100.0,0.0,0.0,0.0,5.0,1.8614881854202925,8.138511814579708,8.0,6.744595274168117,9.255404725831884,40.589735252371064,37.592404960739344,43.58706554400278,25.0,9.0,20.0,29.0,0.6425000000000001,0.5798053296339498,0.7051946703660503,0.0,0.0
conservative_bandit,100.0,0.5,98.85,98.53969973185596,99.16030026814403,4.225,3.6357971704421517,4.814202829557847,22.6,22.31235064080351,22.887649359196494,0.0,0.0,0.0,159.8792304259273,158.6981998556726,161.06026099618197,47.0,82.75,14.75,97.5,0.22724802371541503,0.20045110047366974,0.2540449469571603,0.0,0.2
periodic_full,120.0,0.1,120.0,120.0,120.0,0.0,0.0,0.0,0.0,0.0,0.0,12.0,12.0,12.0,148.06862489017584,147.07496343486716,149.06228634548452,16.5,9.0,10.0,19.0,0.075,0.05491052776733807,0.09508947223266193,0.0,0.0
periodic_partial,120.0,0.1,116.0,116.0,116.0,0.0,0.0,0.0,29.0,29.0,29.0,0.0,0.0,0.0,162.0284094196188,161.28132350183085,162.77549533740677,62.5,76.5,26.75,103.25,0.26465517241379305,0.2401682479478478,0.2891420968797383,0.0,0.225
threshold,120.0,0.1,120.0,120.0,120.0,0.0,0.0,0.0,3.75,0.6361043444190115,6.863895655580988,10.5,9.254441737767605,11.745558262232395,40.93044878736627,37.69389557731665,44.16700199741588,26.0,14.0,22.0,36.0,0.6287499999999999,0.5640797781068048,0.6934202218931951,0.0,0.0
conservative_bandit,120.0,0.1,118.25,118.0424069562946,118.4575930437054,3.175,3.0366293531942703,3.3133706468057293,27.975,27.926000000000002,28.024,0.0,0.0,0.0,161.5836563768044,160.8242132201283,162.3430995334805,68.5,84.5,26.75,111.25,0.24031084656084656,0.2143124977514586,0.2663091953702345,0.0,0.125
periodic_full,120.0,0.2,120.0,120.0,120.0,0.0,0.0,0.0,0.0,0.0,0.0,12.0,12.0,12.0,147.46443967404429,146.62511118831878,148.3037681597698,12.0,9.25,8.0,17.25,0.0875,0.06342244546307427,0.11157755453692572,0.0,0.0
periodic_partial,120.0,0.2,116.0,116.0,116.0,0.0,0.0,0.0,29.0,29.0,29.0,0.0,0.0,0.0,162.64410295444895,161.9796610118135,163.3085448970844,60.5,97.0,14.0,111.0,0.27241379310344827,0.244317066975909,0.30051051923098754,0.0,0.275
threshold,120.0,0.2,120.0,120.0,120.0,0.0,0.0,0.0,7.5,3.4229535577445667,11.577046442255433,9.0,7.369181423097826,10.630818576902174,41.78327559609272,38.41039731247224,45.1561538797132,27.0,15.0,22.0,37.0,0.6520833333333333,0.5813391886288314,0.7228274780378353,0.0,0.0
conservative_bandit,120.0,0.2,118.25,118.0424069562946,118.4575930437054,3.125,3.0212034781473003,3.2287965218526997,28.0,28.0,28.0,0.0,0.0,0.0,162.2915649793941,161.64386908486784,162.93926087392038,80.0,104.25,14.0,118.25,0.27767857142857144,0.24553329323322198,0.3098238496239209,0.0,0.25
periodic_full,120.0,0.3,120.0,120.0,120.0,0.0,0.0,0.0,0.0,0.0,0.0,12.0,12.0,12.0,147.24367319534431,146.26608678382232,148.2212596068663,12.5,10.0,8.0,18.0,0.08333333333333333,0.06578851891936723,0.10087814774729943,0.0,0.025
periodic_partial,120.0,0.3,116.0,116.0,116.0,0.0,0.0,0.0,29.0,29.0,29.0,0.0,0.0,0.0,162.86221551347776,162.29318880453943,163.4312422224161,52.5,88.75,19.0,107.75,0.29224137931034483,0.265843961763165,0.31863879685752466,0.0,0.175
threshold,120.0,0.3,120.0,120.0,120.0,0.0,0.0,0.0,3.75,0.6361043444190115,6.863895655580988,10.5,9.254441737767605,11.745558262232395,40.64485369377612,37.70936298910873,43.58034439844351,28.0,10.25,22.75,33.0,0.6737499999999998,0.6106440614517382,0.7368559385482615,0.0,0.0
conservative_bandit,120.0,0.3,118.6,118.3123506408035,118.88764935919649,3.65,3.1269408524890596,4.173059147510941,27.825,27.583034172787848,28.06696582721215,0.0,0.0,0.0,161.79434916831067,160.75527556153003,162.83342277509132,52.5,91.0,19.0,110.0,0.2791488095238095,0.25042162261428,0.30787599643333896,0.0,0.3
periodic_full,120.0,0.4,120.0,120.0,120.0,0.0,0.0,0.0,0.0,0.0,0.0,12.0,12.0,12.0,147.24421602119668,146.41351955981236,148.074912482581,13.5,7.25,10.75,18.0,0.05833333333333333,0.041586432442162764,0.07508023422450388,0.0,0.0
periodic_partial,120.0,0.4,116.0,116.0,116.0,0.0,0.0,0.0,29.0,29.0,29.0,0.0,0.0,0.0,162.35834764965585,161.77495729900104,162.94173800031066,40.0,87.5,6.75,94.25,0.2517241379310345,0.2254142189701806,0.27803405689188837,0.0,0.225
threshold,120.0,0.4,120.0,120.0,120.0,0.0,0.0,0.0,5.25,1.6724062663464818,8.827593733653519,9.9,8.468962506538594,11.331037493461407,42.119427976839326,39.42417731718842,44.81467863649023,28.5,10.5,23.75,34.25,0.6579166666666667,0.5944960790546898,0.7213372542786436,0.0,0.0
conservative_bandit,120.0,0.4,118.45,118.18788258649694,118.71211741350307,3.725,3.172463680274876,4.277536319725124,27.75,27.48976834777354,28.01023165222646,0.0,0.0,0.0,161.3901230998976,160.53926646127113,162.2409797385241,40.0,83.5,6.75,90.25,0.2509160052910053,0.22508899367159624,0.2767430169104143,0.0,0.175
periodic_full,120.0,0.5,120.0,120.0,120.0,0.0,0.0,0.0,0.0,0.0,0.0,12.0,12.0,12.0,147.8465954008754,147.04590058560277,148.64729021614804,14.5,6.5,10.0,16.5,0.07708333333333332,0.05568513217481272,0.09848153449185393,0.0,0.0
periodic_partial,120.0,0.5,116.0,116.0,116.0,0.0,0.0,0.0,29.0,29.0,29.0,0.0,0.0,0.0,162.76242249134006,162.21097344600093,163.3138715366792,69.5,76.75,26.5,103.25,0.28706896551724137,0.25954208911140236,0.3145958419230804,0.0,0.175
threshold,120.0,0.5,120.0,120.0,120.0,0.0,0.0,0.0,5.25,1.6724062663464818,8.827593733653519,9.9,8.468962506538594,11.331037493461407,42.23032913027856,38.828147676821246,45.63251058373588,27.0,16.0,23.0,39.0,0.66375,0.6093404844949628,0.7181595155050371,0.0,0.0
conservative_bandit,120.0,0.5,118.75,118.44611490025643,119.05388509974357,3.625,3.255724375053691,3.994275624946309,27.875,27.71515913362315,28.03484086637685,0.0,0.0,0.0,161.94582128132618,161.17683915418732,162.71480340846503,66.5,76.75,26.5,103.25,0.27266666666666667,0.23941519729379593,0.30591813603953744,0.0,0.075
periodic_full,140.0,0.1,140.0,140.0,140.0,0.0,0.0,0.0,0.0,0.0,0.0,14.0,14.0,14.0,148.66267675730535,147.97310273604174,149.35225077856896,12.0,11.25,8.0,19.25,0.09642857142857142,0.07603563650316662,0.11682150635397621,0.0,0.0
periodic_partial,140.0,0.1,136.0,136.0,136.0,0.0,0.0,0.0,34.0,34.0,34.0,0.0,0.0,0.0,161.93330863830278,161.42245818794675,162.4441590886588,51.0,102.25,11.75,114.0,0.3176470588235294,0.2891804909162173,0.3461136267308415,0.0,0.225
threshold,140.0,0.1,140.0,140.0,140.0,0.0,0.0,0.0,5.25,1.327644938207503,9.172355061792498,11.9,10.331057975283002,13.468942024716998,43.23667855029063,39.24638522507969,47.22697187550156,28.5,10.25,22.0,32.25,0.6685714285714285,0.6083910501352808,0.7287518070075761,0.0,0.0
conservative_bandit,140.0,0.1,138.55,138.26972193294554,138.83027806705448,3.575,2.9841277416894365,4.165872258310564,32.85,32.556000000000004,33.144,0.0,0.0,0.0,161.37169800640203,160.4725985195368,162.27079749326725,63.0,161.5,11.75,173.25,0.32542087542087544,0.2995820109818416,0.35125973985990927,0.0,0.15
periodic_full,140.0,0.2,140.0,140.0,140.0,0.0,0.0,0.0,0.0,0.0,0.0,14.0,14.0,14.0,149.22221216307872,148.49805968602604,149.9463646401314,13.5,13.5,10.75,24.25,0.13035714285714287,0.10534957989854563,0.1553647058157401,0.0,0.0
periodic_partial,140.0,0.2,136.0,136.0,136.0,0.0,0.0,0.0,34.0,34.0,34.0,0.0,0.0,0.0,162.09163169476307,161.54654553251368,162.63671785701246,103.0,131.75,24.0,155.75,0.35147058823529415,0.32113821039840185,0.38180296607218644,3.0,0.2
threshold,140.0,0.2,140.0,140.0,140.0,0.0,0.0,0.0,6.125,1.951140644070895,10.298859355929105,11.55,9.880456257628358,13.219543742371643,41.75051609557266,37.987545856922786,45.51348633422253,29.0,13.0,24.0,37.0,0.6710714285714285,0.6236906172439377,0.7184522398989194,0.0,0.0
conservative_bandit,140.0,0.2,138.5,138.22819690384964,138.77180309615036,3.5,3.128646274094914,3.871353725905086,32.875,32.715159133623146,33.034840866376854,0.0,0.0,0.0,161.85591111986201,161.3205829997111,162.39123924001294,62.5,89.25,24.0,113.25,0.33650568181818186,0.30000491809114516,0.37300644554521856,0.0,0.175
periodic_full,140.0,0.3,140.0,140.0,140.0,0.0,0.0,0.0,0.0,0.0,0.0,14.0,14.0,14.0,148.85220921363356,148.1466064554646,149.55781197180252,19.5,17.25,12.75,30.0,0.10535714285714284,0.07980290190247485,0.13091138381181083,0.0,0.0
periodic_partial,140.0,0.3,136.0,136.0,136.0,0.0,0.0,0.0,34.0,34.0,34.0,0.0,0.0,0.0,162.12987871524098,161.63100760663076,162.6287498238512,103.0,84.0,52.25,136.25,0.3397058823529412,0.305108409981534,0.3743033547243484,3.0,0.225
threshold,140.0,0.3,140.0,140.0,140.0,0.0,0.0,0.0,5.25,1.327644938207503,9.172355061792498,11.9,10.331057975283,13.468942024717,42.676610115171435,39.61570126304265,45.73751896730022,28.0,5.0,26.0,31.0,0.6792857142857143,0.6286792284340331,0.7298922001373954,0.0,0.0
conservative_bandit,140.0,0.3,138.6,138.3123506408035,138.8876493591965,3.45,3.2521243591778686,3.647875640822132,32.925,32.842334315555874,33.00766568444412,0.0,0.0,0.0,161.7363261395145,161.22125861701724,162.25139366201174,110.0,70.0,70.25,140.25,0.33449337121212125,0.30129417694156807,0.3676925654826744,10.0,0.375
periodic_full,140.0,0.4,140.0,140.0,140.0,0.0,0.0,0.0,0.0,0.0,0.0,14.0,14.0,14.0,147.71667315011308,146.88649511150402,148.54685118872214,13.0,10.25,9.0,19.25,0.10178571428571428,0.08310503044603784,0.12046639812539073,0.0,0.0
periodic_partial,140.0,0.4,136.0,136.0,136.0,0.0,0.0,0.0,34.0,34.0,34.0,0.0,0.0,0.0,161.60474670044914,160.91214927225582,162.29734412864246,80.5,97.5,34.5,132.0,0.2963235294117647,0.26485791365878975,0.32778914516473967,0.0,0.2
threshold,140.0,0.4,140.0,140.0,140.0,0.0,0.0,0.0,7.875,3.2879452636963062,12.462054736303694,10.85,9.015178105478522,12.684821894521477,41.78695700866472,38.061349984338364,45.51256403299108,28.5,12.5,25.0,37.5,0.6432142857142857,0.5874978079232777,0.6989307635052938,0.0,0.0
conservative_bandit,140.0,0.4,138.6,138.3123506408035,138.8876493591965,3.525,3.0288197442926146,4.021180255707385,32.825,32.482,33.168000000000006,0.025,-0.023999999999999994,0.074,161.04094677156863,160.2292622957892,161.85263124734806,114.0,102.75,34.5,137.25,0.30126262626262623,0.27029913261560945,0.332226119909643,14.0,0.225
periodic_full,140.0,0.5,140.0,140.0,140.0,0.0,0.0,0.0,0.0,0.0,0.0,14.0,14.0,14.0,148.43477057161795,147.6652084365742,149.2043327066617,13.0,19.25,9.75,29.0,0.11071428571428572,0.08947631777826882,0.13195225365030264,0.0,0.0
periodic_partial,140.0,0.5,136.0,136.0,136.0,0.0,0.0,0.0,34.0,34.0,34.0,0.0,0.0,0.0,162.0831892899287,161.5048553002289,162.66152327962848,81.0,105.25,17.0,122.25,0.3154411764705882,0.29119463909776094,0.3396877138434155,0.0,0.2
threshold,140.0,0.5,140.0,140.0,140.0,0.0,0.0,0.0,3.5,0.20456259469130655,6.795437405308693,12.6,11.281825037876523,13.918174962123476,41.65553673598905,38.61577073689018,44.69530273508793,28.5,10.5,22.75,33.25,0.6303571428571428,0.574203107908391,0.6865111778058947,0.0,0.0
conservative_bandit,140.0,0.5,138.65,138.356,138.94400000000002,3.825,3.447806891598427,4.202193108401573,32.75,32.55462921510691,32.94537078489309,0.0,0.0,0.0,161.76211211542508,161.2513422325737,162.27288199827646,98.0,179.5,17.0,196.5,0.32705935361681326,0.2946874287051672,0.35943127852845935,3.0,0.125
