policy,budget,beta,total_cost_spent,total_cost_spent_ci95_low,total_cost_spent_ci95_high,probes,probes_ci95_low,probes_ci95_high,partial_recal,partial_recal_ci95_low,partial_recal_ci95_high,full_recal,full_recal_ci95_low,full_recal_ci95_high,cumulative_reward_mean,cumulative_reward_ci95_low,cumulative_reward_ci95_high,time_to_failure_median,time_to_failure_IQR,time_to_failure_iqr_q1,time_to_failure_iqr_q3,unnecessary_recalibration_rate,unnecessary_recalibration_rate_ci95_low,unnecessary_recalibration_rate_ci95_high,post_shock_ttf_median,collapse_rate_20,recal_cost_spent_post_shock
periodic_full,10.0,0.1,10.0,10.0,10.0,0.0,0.0,0.0,0.0,0.0,0.0,1.0,1.0,1.0,40.966815306629854,40.216358268091646,41.71727234516806,14.0,8.25,10.0,18.25,0.656,0.6143191142455616,0.6976808857544384,0.0,0.0,0.0
periodic_partial,10.0,0.1,8.0,8.0,8.0,0.0,0.0,0.0,2.0,2.0,2.0,0.0,0.0,0.0,42.083444632695816,41.2554747294782,42.91141453591343,14.0,10.0,9.0,19.0,0.328,0.3071595571227808,0.3488404428772192,0.0,0.0,0.0
threshold,10.0,0.1,9.588,9.517029207373652,9.658970792626347,0.0,0.0,0.0,0.412,0.34102920737365244,0.4829707926263475,0.794,0.7585146036868262,0.8294853963131739,41.10581061690466,40.332966964702244,41.87865426910708,14.0,9.0,10.0,19.0,0.653,0.6123072614691727,0.6936927385308274,0.0,0.0,0.0
conservative_bandit,10.0,0.1,10.0,10.0,10.0,2.032,1.8784401796039076,2.1855598203960924,1.484,1.4072200898019538,1.5607799101980462,0.0,0.0,0.0,64.28619153552872,63.15267775894507,65.41970531211236,13.0,10.0,8.0,18.0,0.218,0.19624502445135264,0.23975497554864736,0.0,0.0,0.0
periodic_full,10.0,0.2,10.0,10.0,10.0,0.0,0.0,0.0,0.0,0.0,0.0,1.0,1.0,1.0,40.104608200721586,39.315748819076596,40.893467582366576,14.0,9.0,9.0,18.0,0.612,0.5692439700698161,0.6547560299301839,0.0,0.0,0.0
periodic_partial,10.0,0.2,8.0,8.0,8.0,0.0,0.0,0.0,2.0,2.0,2.0,0.0,0.0,0.0,40.477155192091985,39.690381706560856,41.26392867762311,13.0,10.0,8.0,18.0,0.306,0.28462198503490804,0.32737801496509195,0.0,0.0,0.0
threshold,10.0,0.2,9.596,9.52554482067735,9.66645517932265,0.0,0.0,0.0,0.404,0.33354482067735,0.4744551793226501,0.798,0.762772410338675,0.833227589661325,40.22377730188527,39.435074647901345,41.012479955869196,14.0,8.5,9.75,18.25,0.607,0.5653757643049823,0.6486242356950177,0.0,0.0,0.0
conservative_bandit,10.0,0.2,10.0,10.0,10.0,2.088,1.9318234116370019,2.2441765883629983,1.456,1.3779117058185009,1.534088294181499,0.0,0.0,0.0,62.66435142326281,61.47784102443708,63.85086182208853,13.0,10.0,7.0,17.0,0.208,0.18637635555234972,0.22962364444765027,0.0,0.0,0.0
periodic_full,10.0,0.3,10.0,10.0,10.0,0.0,0.0,0.0,0.0,0.0,0.0,1.0,1.0,1.0,40.49823693567187,39.70098913544215,41.29548473590159,14.0,8.25,10.0,18.25,0.616,0.5733261558475277,0.6586738441524723,0.0,0.0,0.0
periodic_partial,10.0,0.3,8.0,8.0,8.0,0.0,0.0,0.0,2.0,2.0,2.0,0.0,0.0,0.0,41.28787731825209,40.443689665803355,42.13206497070083,13.0,10.0,8.0,18.0,0.308,0.28666307792376383,0.32933692207623616,0.0,0.0,0.0
threshold,10.0,0.3,9.644,9.576875401018876,9.711124598981124,0.0,0.0,0.0,0.356,0.28887540101887565,0.4231245989811243,0.822,0.7884377005094378,0.8555622994905621,40.72121069964326,39.916965228890085,41.52545617039643,14.0,9.0,10.0,19.0,0.614,0.5722877265026151,0.6557122734973849,0.0,0.0,0.0
conservative_bandit,10.0,0.3,10.0,10.0,10.0,2.288,2.124013320292644,2.4519866797073555,1.356,1.2740066601463222,1.437993339853678,0.0,0.0,0.0,61.58071048321846,60.291431905232564,62.86998906120436,13.0,9.0,8.0,17.0,0.212,0.19031946609742736,0.23368053390257262,0.0,0.0,0.0
periodic_full,10.0,0.4,10.0,10.0,10.0,0.0,0.0,0.0,0.0,0.0,0.0,1.0,1.0,1.0,40.48936789514847,39.704565873361446,41.27416991693549,14.0,8.0,10.0,18.0,0.642,0.5999355876687961,0.684064412331204,0.0,0.0,0.0
periodic_partial,10.0,0.4,8.0,8.0,8.0,0.0,0.0,0.0,2.0,2.0,2.0,0.0,0.0,0.0,40.84097179904982,40.000311504490995,41.68163209360864,13.0,10.0,8.0,18.0,0.321,0.29996779383439803,0.342032206165602,0.0,0.0,0.0
threshold,10.0,0.4,9.636,9.568290728672896,9.703709271327103,0.0,0.0,0.0,0.364,0.2962907286728967,0.4317092713271033,0.818,0.7841453643364483,0.8518546356635516,40.714883240515526,39.93113836258113,41.49862811844992,14.0,9.0,10.0,19.0,0.639,0.5979223803699759,0.6800776196300241,0.0,0.0,0.0
conservative_bandit,10.0,0.4,10.0,10.0,10.0,2.336,2.1704702199936885,2.501529780006311,1.332,1.2492351099968444,1.4147648900031558,0.0,0.0,0.0,61.378340886160025,59.98329208116538,62.77338969115467,13.0,9.0,8.0,17.0,0.201,0.1794900489822601,0.22250995101773993,0.0,0.0,0.0
periodic_full,10.0,0.5,10.0,10.0,10.0,0.0,0.0,0.0,0.0,0.0,0.0,1.0,1.0,1.0,40.25281707566622,39.422718591412554,41.08291555991989,14.0,9.0,9.0,18.0,0.586,0.5427829839791374,0.6292170160208626,0.0,0.0,0.0
periodic_partial,10.0,0.5,8.0,8.0,8.0,0.0,0.0,0.0,2.0,2.0,2.0,0.0,0.0,0.0,40.35679396863158,39.54775964965902,41.165828287604135,13.0,8.0,9.0,17.0,0.293,0.2713914919895687,0.3146085080104313,0.0,0.0,0.0
threshold,10.0,0.5,9.656,9.589776034004718,9.722223965995283,0.0,0.0,0.0,0.344,0.27777603400471784,0.4102239659952821,0.828,0.7948880170023589,0.861111982997641,40.43515209975347,39.60870991799915,41.2615942815078,14.0,9.0,9.0,18.0,0.577,0.5350515070673731,0.6189484929326268,0.0,0.0,0.0
conservative_bandit,10.0,0.5,10.0,10.0,10.0,2.56,2.388816062784146,2.731183937215854,1.22,1.134408031392073,1.305591968607927,0.0,0.0,0.0,59.03579480365701,57.54789759744043,60.52369200987359,12.0,9.0,7.0,16.0,0.203,0.18145571715171532,0.2245442828482847,0.0,0.0,0.0
periodic_full,15.0,0.1,10.0,10.0,10.0,0.0,0.0,0.0,0.0,0.0,0.0,1.0,1.0,1.0,40.50707930898806,39.69579564233072,41.3183629756454,14.0,10.0,9.0,19.0,0.654,0.61226189549662,0.69573810450338,0.0,0.0,0.0
periodic_partial,15.0,0.1,12.0,12.0,12.0,0.0,0.0,0.0,3.0,3.0,3.0,0.0,0.0,0.0,73.24479688388463,71.85232322654922,74.63727054122005,13.5,9.0,9.0,18.0,0.218,0.20408729849887333,0.23191270150112667,0.0,0.0,0.0
threshold,15.0,0.1,13.664,13.598392710117155,13.729607289882845,0.0,0.0,0.0,1.336,1.270392710117156,1.4016072898828442,0.832,0.7991963550585779,0.864803644941422,41.02930231758534,40.17044838188018,41.888156253290504,15.0,9.0,10.0,19.0,0.6583333333333332,0.6260701268023949,0.6905965398642715,0.0,0.0,0.0
conservative_bandit,15.0,0.1,14.0,14.0,14.0,2.46,2.2467246107415892,2.6732753892584107,2.27,2.1633623053707947,2.3766376946292054,0.0,0.0,0.0,66.68304556090764,65.66294994471794,67.70314117709735,13.0,9.0,9.0,18.0,0.3143333333333333,0.28911872102810515,0.33954794563856144,0.0,0.0,0.016
periodic_full,15.0,0.2,10.0,10.0,10.0,0.0,0.0,0.0,0.0,0.0,0.0,1.0,1.0,1.0,39.778987893434824,39.01453557928613,40.543440207583515,13.0,8.0,9.0,17.0,0.624,0.5814996980229991,0.6665003019770009,0.0,0.0,0.0
periodic_partial,15.0,0.2,12.0,12.0,12.0,0.0,0.0,0.0,3.0,3.0,3.0,0.0,0.0,0.0,73.12875545629976,71.80439994287504,74.45311096972448,13.0,9.25,8.0,17.25,0.208,0.193833232674333,0.22216676732566698,0.0,0.0,0.0
threshold,15.0,0.2,13.656,13.589776034004718,13.722223965995283,0.0,0.0,0.0,1.344,1.277776034004718,1.4102239659952822,0.828,0.7948880170023589,0.861111982997641,40.85727529828844,40.045719137039555,41.66883145953733,14.0,9.0,10.0,19.0,0.615,0.5814296603487917,0.6485703396512082,0.0,0.0,0.0
conservative_bandit,15.0,0.2,14.0,14.0,14.0,2.484,2.274047156022624,2.693952843977376,2.258,2.153023578011312,2.362976421988688,0.0,0.0,0.0,66.50286536550811,65.517734135753,67.48799659526323,13.0,9.0,8.0,17.0,0.304,0.2789725839501861,0.3290274160498139,0.0,0.0,0.0
periodic_full,15.0,0.3,10.0,10.0,10.0,0.0,0.0,0.0,0.0,0.0,0.0,1.0,1.0,1.0,40.225608856231794,39.46108494237367,40.99013277008992,14.0,9.0,9.0,18.0,0.654,0.61226189549662,0.69573810450338,0.0,0.0,0.0
periodic_partial,15.0,0.3,12.0,12.0,12.0,0.0,0.0,0.0,3.0,3.0,3.0,0.0,0.0,0.0,73.16455156973781,71.78421373473174,74.54488940474388,13.0,9.0,9.0,18.0,0.218,0.20408729849887333,0.23191270150112667,0.0,0.0,0.0
threshold,15.0,0.3,13.68,13.615666759356431,13.744333240643568,0.0,0.0,0.0,1.32,1.2556667593564308,1.3843332406435693,0.84,0.8078333796782153,0.8721666203217846,40.380257145126066,39.6229188731983,41.13759541705383,15.0,9.0,10.0,19.0,0.6563333333333332,0.6239686878251735,0.688697978841493,0.0,0.0,0.0
conservative_bandit,15.0,0.3,14.0,14.0,14.0,2.428,2.224544991282238,2.631455008717762,2.286,2.184272495641119,2.3877275043588813,0.0,0.0,0.0,67.6670016476526,66.72462696549836,68.60937632980684,12.0,9.0,8.0,17.0,0.3093333333333333,0.28372212158228693,0.33494454508437965,0.0,0.0,0.0
periodic_full,15.0,0.4,10.0,10.0,10.0,0.0,0.0,0.0,0.0,0.0,0.0,1.0,1.0,1.0,40.834762775885444,40.01863132004009,41.650894231730796,14.0,10.0,9.0,19.0,0.654,0.61226189549662,0.69573810450338,0.0,0.0,0.0
periodic_partial,15.0,0.4,12.0,12.0,12.0,0.0,0.0,0.0,3.0,3.0,3.0,0.0,0.0,0.0,71.38456943358655,69.96401302397776,72.80512584319534,13.0,10.0,8.0,18.0,0.218,0.20408729849887333,0.23191270150112667,0.0,0.0,0.0
threshold,15.0,0.4,13.696,13.632997829117786,13.759002170882214,0.0,0.0,0.0,1.304,1.2409978291177857,1.3670021708822144,0.848,0.8164989145588928,0.8795010854411072,40.86879790664172,40.07113268356139,41.66646312972205,15.0,10.0,9.0,19.0,0.661,0.6299206380794927,0.6920793619205073,0.0,0.0,0.0
conservative_bandit,15.0,0.4,14.0,14.0,14.0,2.616,2.413232406299947,2.8187675937000534,2.192,2.0906162031499735,2.293383796850027,0.0,0.0,0.0,67.07984065073992,66.15776265462766,68.00191864685219,13.0,9.0,8.0,17.0,0.29266666666666663,0.26711731856323445,0.3182160147700988,0.0,0.0,0.0
periodic_full,15.0,0.5,10.0,10.0,10.0,0.0,0.0,0.0,0.0,0.0,0.0,1.0,1.0,1.0,40.713413115482936,39.948356202708304,41.47847002825757,14.0,9.0,9.0,18.0,0.64,0.5978840078641476,0.6821159921358524,0.0,0.0,0.0
periodic_partial,15.0,0.5,12.0,12.0,12.0,0.0,0.0,0.0,3.0,3.0,3.0,0.0,0.0,0.0,72.64249299182597,71.20756495077165,74.0774210328803,13.0,9.0,9.0,18.0,0.21333333333333332,0.1992946692880492,0.22737199737861744,0.0,0.0,0.0
threshold,15.0,0.5,13.664,13.598392710117155,13.729607289882845,0.0,0.0,0.0,1.336,1.270392710117156,1.4016072898828442,0.832,0.7991963550585779,0.864803644941422,40.86110651968343,40.0542196085808,41.66799343078606,15.0,9.0,10.0,19.0,0.6473333333333332,0.6155541630113294,0.679112503655337,0.0,0.0,0.0
conservative_bandit,15.0,0.5,14.0,14.0,14.0,2.792,2.5872640009822705,2.996735999017729,2.104,2.0016320004911354,2.2063679995088648,0.0,0.0,0.0,67.18231657738276,66.25758590564047,68.10704724912506,13.0,10.0,7.0,17.0,0.2726666666666666,0.2470210765834815,0.29831225674985173,0.0,0.0,0.0
periodic_full,20.0,0.1,20.0,20.0,20.0,0.0,0.0,0.0,0.0,0.0,0.0,2.0,2.0,2.0,40.22438110971835,39.41892267353079,41.029839545905915,14.0,10.0,9.0,19.0,0.326,0.30510274593984876,0.34689725406015126,0.0,0.0,0.0
periodic_partial,20.0,0.1,20.0,20.0,20.0,0.0,0.0,0.0,5.0,5.0,5.0,0.0,0.0,0.0,116.16422050875772,114.72562005163029,117.60282096588516,13.0,10.0,8.0,18.0,0.13040000000000002,0.1220410983759395,0.13875890162406052,0.0,0.0,0.0
threshold,20.0,0.1,20.0,20.0,20.0,0.0,0.0,0.0,0.83,0.6667651546099945,0.9932348453900054,1.668,1.6027060618439977,1.7332939381560022,40.6201987448689,39.86791316452844,41.37248432520936,16.0,9.25,11.0,20.25,0.65,0.6190606468207511,0.6809393531792489,0.0,0.0,0.0
conservative_bandit,20.0,0.1,20.0,20.0,20.0,3.68,3.4436245803853627,3.9163754196146376,3.16,3.041812290192681,3.278187709807319,0.0,0.0,0.0,71.74373562074354,70.78444504406117,72.7030261974259,13.0,10.0,8.0,18.0,0.365,0.33784612097153366,0.3921538790284663,0.0,0.0,0.64
periodic_full,20.0,0.2,20.0,20.0,20.0,0.0,0.0,0.0,0.0,0.0,0.0,2.0,2.0,2.0,39.95397608800571,39.209765638091156,40.698186537920265,14.0,9.0,9.0,18.0,0.32,0.2989420039320738,0.3410579960679262,0.0,0.0,0.0
periodic_partial,20.0,0.2,20.0,20.0,20.0,0.0,0.0,0.0,5.0,5.0,5.0,0.0,0.0,0.0,117.41078538317599,115.96067292059845,118.86089784575353,13.0,9.0,9.0,18.0,0.1284,0.1199142256133053,0.1368857743866947,0.0,0.0,0.0
threshold,20.0,0.2,20.0,20.0,20.0,0.0,0.0,0.0,0.88,0.712931050197902,1.047068949802098,1.648,1.5811724200791606,1.7148275799208392,40.84007741646493,40.0305335689758,41.64962126395406,16.0,9.0,11.0,20.0,0.635,0.603781353139131,0.6662186468608691,0.0,0.0,0.0
conservative_bandit,20.0,0.2,20.0,20.0,20.0,3.332,3.1132120824429785,3.550787917557021,3.334,3.2246060412214894,3.4433939587785107,0.0,0.0,0.0,71.97972949076456,71.01875069758178,72.94070828394733,12.0,8.25,7.75,16.0,0.404,0.37741789991573693,0.4305821000842631,0.0,0.0,0.528
periodic_full,20.0,0.3,20.0,20.0,20.0,0.0,0.0,0.0,0.0,0.0,0.0,2.0,2.0,2.0,40.44458284787119,39.649805316270346,41.23936037947203,14.0,9.0,10.0,19.0,0.326,0.30510274593984876,0.34689725406015126,0.0,0.0,0.0
periodic_partial,20.0,0.3,20.0,20.0,20.0,0.0,0.0,0.0,5.0,5.0,5.0,0.0,0.0,0.0,116.15416337236601,114.72516163856244,117.58316510616959,14.0,10.0,8.0,18.0,0.1304,0.12204109837593947,0.1387589016240605,0.0,0.0,0.0
threshold,20.0,0.3,20.0,20.0,20.0,0.0,0.0,0.0,0.85,0.6852067913923441,1.0147932086076559,1.66,1.5940827165569376,1.7259172834430623,40.6860307581236,39.886555871604784,41.485505644642416,16.0,9.0,11.0,20.0,0.6638000000000001,0.6319666376058918,0.6956333623941083,0.0,0.0,0.0
conservative_bandit,20.0,0.3,20.0,20.0,20.0,3.656,3.420668061054655,3.891331938945345,3.172,3.0543340305273277,3.2896659694726726,0.0,0.0,0.0,71.15803574212026,70.23267776645073,72.08339371778979,13.0,9.0,8.0,17.0,0.3735,0.34626151651127524,0.40073848348872476,0.0,0.0,0.48
periodic_full,20.0,0.4,20.0,20.0,20.0,0.0,0.0,0.0,0.0,0.0,0.0,2.0,2.0,2.0,39.81829959216954,39.036546240469114,40.60005294386996,14.0,9.0,9.0,18.0,0.314,0.2927955459739921,0.3352044540260079,0.0,0.0,0.0
periodic_partial,20.0,0.4,20.0,20.0,20.0,0.0,0.0,0.0,5.0,5.0,5.0,0.0,0.0,0.0,115.47970336488508,114.08552533311406,116.8738813966561,14.0,10.0,8.0,18.0,0.1256,0.11711821838959684,0.13408178161040316,0.0,0.0,0.0
threshold,20.0,0.4,20.0,20.0,20.0,0.0,0.0,0.0,0.93,0.759295693550277,1.100704306449723,1.628,1.5597182774201106,1.6962817225798892,40.575349645215155,39.74780697963776,41.40289231079255,15.0,9.0,11.0,20.0,0.6376,0.6056656262999377,0.6695343737000622,0.0,0.0,0.0
conservative_bandit,20.0,0.4,20.0,20.0,20.0,3.848,3.6049556920673993,4.0910443079326,3.076,2.9544778460337,3.1975221539663004,0.0,0.0,0.0,70.66072208535387,69.76208283455767,71.55936133615006,12.0,9.0,8.0,17.0,0.3595,0.33170032815464506,0.3872996718453549,0.0,0.0,0.544
periodic_full,20.0,0.5,20.0,20.0,20.0,0.0,0.0,0.0,0.0,0.0,0.0,2.0,2.0,2.0,40.08986435383458,39.322901119990775,40.85682758767838,14.0,9.0,10.0,19.0,0.318,0.2968916127754287,0.3391083872245713,0.0,0.0,0.0
periodic_partial,20.0,0.5,20.0,20.0,20.0,0.0,0.0,0.0,5.0,5.0,5.0,0.0,0.0,0.0,116.43163767397738,115.01912498064976,117.84415036730499,13.0,10.0,8.0,18.0,0.1276,0.1191666442891877,0.13603335571081226,0.0,0.0,0.0
threshold,20.0,0.5,20.0,20.0,20.0,0.0,0.0,0.0,0.88,0.712931050197902,1.047068949802098,1.648,1.5811724200791606,1.7148275799208392,40.5097179914628,39.71524642410557,41.30418955882003,16.0,8.0,12.0,20.0,0.6534000000000001,0.6219096158359796,0.6848903841640206,0.0,0.0,0.0
conservative_bandit,20.0,0.5,20.0,20.0,20.0,4.224,3.9699758146745463,4.478024185325454,2.888,2.760987907337273,3.015012092662727,0.0,0.0,0.0,71.59152424124613,70.62618057206986,72.55686791042241,13.0,9.0,8.0,17.0,0.33016666666666666,0.30226989998056786,0.35806343335276547,0.0,0.0,0.576
periodic_full,25.0,0.1,20.0,20.0,20.0,0.0,0.0,0.0,0.0,0.0,0.0,2.0,2.0,2.0,40.2355250475816,39.48731678405428,40.98373331110893,14.0,9.0,10.0,19.0,0.319,0.29791661072296927,0.34008338927703075,0.0,0.0,0.0
periodic_partial,25.0,0.1,24.0,24.0,24.0,0.0,0.0,0.0,6.0,6.0,6.0,0.0,0.0,0.0,129.97861092573444,129.03767023620108,130.9195516152678,14.0,10.0,9.0,19.0,0.10666666666666666,0.0995866651318961,0.11374666820143722,0.0,0.0,4.0
threshold,25.0,0.1,24.0,24.0,24.0,0.0,0.0,0.0,2.06,1.8806890373606642,2.239310962639336,1.576,1.5042756149442658,1.6477243850557344,41.114142837537365,40.3617624170271,41.86652325804763,17.0,8.0,13.0,21.0,0.6523333333333333,0.6249336546526292,0.6797330120140375,0.0,0.0,0.0
conservative_bandit,25.0,0.1,23.852,23.80606357984569,23.89793642015431,3.774,3.501252938428309,4.046747061571692,4.076,3.933809139821729,4.21819086017827,0.0,0.0,0.0,74.26393233005392,73.18303157731063,75.34483308279721,13.0,9.25,8.0,17.25,0.4025,0.37538814951218297,0.4296118504878171,0.0,0.0,0.912
periodic_full,25.0,0.2,20.0,20.0,20.0,0.0,0.0,0.0,0.0,0.0,0.0,2.0,2.0,2.0,40.507675609376584,39.74525969365492,41.270091525098245,14.0,10.0,9.0,19.0,0.315,0.2938189766181375,0.3361810233818625,0.0,0.0,0.0
periodic_partial,25.0,0.2,24.0,24.0,24.0,0.0,0.0,0.0,6.0,6.0,6.0,0.0,0.0,0.0,129.32870845100976,128.34926421406138,130.30815268795814,14.0,10.0,8.0,18.0,0.106,0.09878381600686029,0.11321618399313971,0.0,0.0,4.0
threshold,25.0,0.2,24.0,24.0,24.0,0.0,0.0,0.0,1.81,1.6483575890490492,1.971642410950951,1.676,1.6113430356196197,1.7406569643803802,40.878961788961966,40.12157994149025,41.63634363643368,16.0,9.0,11.0,20.0,0.6396666666666667,0.6107143003537187,0.6686190329796148,0.0,0.0,0.0
conservative_bandit,25.0,0.2,23.88,23.838325025170324,23.921674974829674,4.08,3.791470017812286,4.368529982187714,3.93,3.7814831631711634,4.078516836828837,0.0,0.0,0.0,74.21200002260997,73.03451253676377,75.38948750845617,13.0,10.0,7.0,17.0,0.394,0.3657853629424624,0.42221463705753765,0.0,0.0,1.008
periodic_full,25.0,0.3,20.0,20.0,20.0,0.0,0.0,0.0,0.0,0.0,0.0,2.0,2.0,2.0,41.05097690914562,40.2178340570237,41.884119761267534,14.0,9.0,9.0,18.0,0.319,0.29791661072296927,0.34008338927703075,0.0,0.0,0.0
periodic_partial,25.0,0.3,24.0,24.0,24.0,0.0,0.0,0.0,6.0,6.0,6.0,0.0,0.0,0.0,129.88275701307407,128.87188930918714,130.893624716961,13.0,9.25,8.75,18.0,0.10733333333333332,0.10021020986752482,0.11445645679914182,0.0,0.0,4.0
threshold,25.0,0.3,24.0,24.0,24.0,0.0,0.0,0.0,1.87,1.7036815416763422,2.0363184583236578,1.652,1.5854726166705368,1.718527383329463,41.6730607963257,40.89327254224588,42.45284905040552,16.0,11.0,10.0,21.0,0.6453333333333332,0.6162194367768611,0.6744472298898053,0.0,0.0,0.0
conservative_bandit,25.0,0.3,23.908,23.871238866215606,23.944761133784397,4.19,3.8972806516237313,4.4827193483762695,3.882,3.7324763853236163,4.031523614676384,0.0,0.0,0.0,75.28702503028518,74.10235767873067,76.47169238183969,13.0,9.0,8.0,17.0,0.3844,0.3564771051543519,0.41232289484564816,0.0,0.0,0.984
periodic_full,25.0,0.4,20.0,20.0,20.0,0.0,0.0,0.0,0.0,0.0,0.0,2.0,2.0,2.0,41.062682876954696,40.216512152300574,41.90885360160882,14.0,9.0,9.0,18.0,0.308,0.28666307792376383,0.32933692207623616,0.0,0.0,0.0
periodic_partial,25.0,0.4,24.0,24.0,24.0,0.0,0.0,0.0,6.0,6.0,6.0,0.0,0.0,0.0,129.58185130078726,128.60544247377194,130.55826012780258,13.0,11.0,7.0,18.0,0.10366666666666667,0.09651579693181493,0.11081753640151841,0.0,0.0,4.0
threshold,25.0,0.4,24.0,24.0,24.0,0.0,0.0,0.0,1.87,1.7036815416763422,2.0363184583236578,1.652,1.5854726166705368,1.718527383329463,41.445099314892566,40.613494312262254,42.27670431752288,16.0,10.0,11.0,21.0,0.648,0.6191375163575116,0.6768624836424885,0.0,0.0,0.0
conservative_bandit,25.0,0.4,23.904,23.866487596856786,23.941512403143214,4.352,4.05684230500115,4.6471576949988505,3.8,3.649247690174128,3.9507523098258717,0.0,0.0,0.0,75.01537776266778,73.7750483531925,76.25570717214306,12.0,10.0,7.0,17.0,0.37360000000000004,0.34511664387611324,0.40208335612388685,0.0,0.0,1.136
periodic_full,25.0,0.5,20.0,20.0,20.0,0.0,0.0,0.0,0.0,0.0,0.0,2.0,2.0,2.0,39.70186402819304,38.94597595953776,40.457752096848324,14.0,9.0,9.0,18.0,0.299,0.27749004898226004,0.32050995101773994,0.0,0.0,0.0
periodic_partial,25.0,0.5,24.0,24.0,24.0,0.0,0.0,0.0,6.0,6.0,6.0,0.0,0.0,0.0,129.81331007936876,128.82459504264924,130.8020251160883,14.0,9.0,8.0,17.0,0.1,0.09277647032371358,0.10722352967628643,0.0,0.0,4.0
threshold,25.0,0.5,24.0,24.0,24.0,0.0,0.0,0.0,1.8,1.6391668983910765,1.9608331016089235,1.68,1.6156667593564307,1.7443332406435692,40.493449765540134,39.71823298107322,41.26866655000705,17.0,7.0,13.0,20.0,0.6403333333333333,0.6119731983638246,0.668693468302842,0.0,0.0,0.0
conservative_bandit,25.0,0.5,23.948,23.920074436417455,23.975925563582546,4.642,4.342572879725447,4.941427120274554,3.666,3.5146756918625877,3.817324308137412,0.0,0.0,0.0,75.67824300542459,74.37422978726852,76.98225622358066,12.0,10.0,7.0,17.0,0.3432,0.3146908812388549,0.3717091187611451,0.0,0.0,1.232
periodic_full,30.0,0.1,30.0,30.0,30.0,0.0,0.0,0.0,0.0,0.0,0.0,3.0,3.0,3.0,70.83908183524595,69.53321294405988,72.14495072643201,13.0,9.25,8.75,18.0,0.20866666666666667,0.19451500257315973,0.2228183307601736,0.0,0.0,0.0
periodic_partial,30.0,0.1,28.0,28.0,28.0,0.0,0.0,0.0,7.0,7.0,7.0,0.0,0.0,0.0,133.65212545760104,132.6128814532754,134.69136946192668,13.0,9.0,8.0,17.0,0.09228571428571428,0.08593522543703228,0.09863620313439628,0.0,0.0,0.0
threshold,30.0,0.1,29.564,29.491545157365138,29.636454842634862,0.0,0.0,0.0,1.526,1.2724080507779862,1.7795919492220138,2.346,2.2373177360477086,2.4546822639522916,41.102583970549716,40.296099555706945,41.90906838539249,16.0,9.0,12.0,21.0,0.631904761904762,0.6031471772895451,0.6606623465199788,0.0,0.0,0.0
conservative_bandit,30.0,0.1,29.896,29.823796351598517,29.968203648401484,3.372,2.997417998024989,3.746582001975011,5.788,5.596589302363899,5.9794106976361014,0.0,0.0,0.0,75.89928836600815,74.6445766982157,77.1540000338006,12.5,10.0,7.0,17.0,0.46238095238095234,0.4354073210137481,0.48935458374815655,0.0,0.0,1.256
periodic_full,30.0,0.2,30.0,30.0,30.0,0.0,0.0,0.0,0.0,0.0,0.0,3.0,3.0,3.0,71.2434034127703,69.91193967940272,72.57486714613789,14.0,10.0,9.0,19.0,0.21733333333333332,0.2034018306265658,0.23126483604010084,0.0,0.0,0.0
periodic_partial,30.0,0.2,28.0,28.0,28.0,0.0,0.0,0.0,7.0,7.0,7.0,0.0,0.0,0.0,134.6738419708456,133.6886754406227,135.65900850106848,14.0,10.0,8.0,18.0,0.09428571428571428,0.08813996286533922,0.10043146570608934,0.0,0.0,0.0
threshold,30.0,0.2,29.664,29.598392710117157,29.729607289882846,0.0,0.0,0.0,1.176,0.9463744854100454,1.4056255145899543,2.496,2.3975890651757337,2.5944109348242663,40.725266083800115,39.955419387724056,41.49511277987617,17.0,9.0,12.0,21.0,0.6532380952380952,0.6238733866640006,0.6826028038121897,0.0,0.0,0.0
conservative_bandit,30.0,0.2,29.9,29.828180363964716,29.97181963603528,3.774,3.387270039172029,4.160729960827971,5.588,5.391054567186207,5.784945432813793,0.0,0.0,0.0,77.92911826948111,76.60641295771981,79.2518235812424,13.0,9.0,8.0,17.0,0.44495238095238093,0.4164580735771441,0.47344668832761777,0.0,0.0,1.608
periodic_full,30.0,0.3,30.0,30.0,30.0,0.0,0.0,0.0,0.0,0.0,0.0,3.0,3.0,3.0,71.84128641444165,70.51629864451917,73.16627418436414,14.0,10.0,9.0,19.0,0.202,0.1877087911228964,0.21629120887710362,0.0,0.0,0.0
periodic_partial,30.0,0.3,28.0,28.0,28.0,0.0,0.0,0.0,7.0,7.0,7.0,0.0,0.0,0.0,134.54470044691948,133.52868657877684,135.5607143150621,13.0,10.0,8.0,18.0,0.08799999999999997,0.08180150486942452,0.09419849513057542,0.0,0.0,0.0
threshold,30.0,0.3,29.7,29.63733992843015,29.762660071569847,0.0,0.0,0.0,1.05,0.8306897495055375,1.2693102504944624,2.55,2.45600989264523,2.6439901073547696,41.3397122533829,40.52428712316106,42.15513738360474,17.0,9.25,12.0,21.25,0.6505714285714286,0.6234153056050982,0.677727551537759,0.0,0.0,0.0
conservative_bandit,30.0,0.3,29.904,29.832568165060067,29.975431834939933,3.908,3.519159574184091,4.296840425815909,5.522,5.324210857677067,5.7197891423229335,0.0,0.0,0.0,77.75057825611512,76.34653175432736,79.15462475790288,12.0,10.0,7.0,17.0,0.43066666666666664,0.4017936825214641,0.4595396508118692,0.0,0.0,1.672
periodic_full,30.0,0.4,30.0,30.0,30.0,0.0,0.0,0.0,0.0,0.0,0.0,3.0,3.0,3.0,71.93785514601029,70.56955097734173,73.30615931467885,14.0,7.0,11.0,18.0,0.19466666666666665,0.18025090370156646,0.20908242963176685,0.0,0.0,0.0
periodic_partial,30.0,0.4,28.0,28.0,28.0,0.0,0.0,0.0,7.0,7.0,7.0,0.0,0.0,0.0,133.67764099932904,132.65485655665066,134.70042544200743,13.0,10.0,8.0,18.0,0.08542857142857142,0.07913134959623844,0.09172579326090441,0.0,0.0,0.0
threshold,30.0,0.4,29.672,29.60702282032161,29.73697717967839,0.0,0.0,0.0,1.148,0.9205798711256312,1.3754201288743686,2.508,2.4105342304824133,2.6054657695175867,40.59469138815146,39.79115008449175,41.398232691811174,16.0,8.0,12.0,20.0,0.6532380952380952,0.6257488624381652,0.6807273280380252,0.0,0.0,0.0
conservative_bandit,30.0,0.4,29.876,29.792547403944656,29.959452596055346,4.262,3.8551458750643484,4.668854124935651,5.338,5.130666721735869,5.545333278264131,0.0,0.0,0.0,77.95201554984702,76.5404151350132,79.36361596468083,12.0,10.0,7.0,17.0,0.40657142857142853,0.37792714255409365,0.4352157145887634,0.0,0.0,1.752
periodic_full,30.0,0.5,30.0,30.0,30.0,0.0,0.0,0.0,0.0,0.0,0.0,3.0,3.0,3.0,70.7000111452236,69.33818848703181,72.06183380341538,14.0,9.0,9.0,18.0,0.2106666666666667,0.19656186472200904,0.22477146861132435,0.0,0.0,0.0
periodic_partial,30.0,0.5,28.0,28.0,28.0,0.0,0.0,0.0,7.0,7.0,7.0,0.0,0.0,0.0,134.40433792563383,133.41085545593674,135.3978203953309,14.0,10.0,8.0,18.0,0.09171428571428569,0.08539912559797913,0.09802944583059225,0.0,0.0,0.0
threshold,30.0,0.5,29.668,29.602706061843996,29.733293938156002,0.0,0.0,0.0,1.162,0.9334712164539922,1.3905287835460076,2.502,2.4040590927659964,2.599940907234003,40.274678409448924,39.49186624505556,41.05749057384229,16.0,9.0,12.0,21.0,0.6584761904761904,0.6314196788023063,0.6855327021500746,0.0,0.0,0.0
conservative_bandit,30.0,0.5,29.948,29.895553093674017,30.000446906325983,4.53,4.120658165104529,4.939341834895472,5.222,5.015691111470756,5.428308888529245,0.0,0.0,0.0,79.0751429751115,77.57591799980756,80.57436795041545,13.0,9.0,8.0,17.0,0.4033333333333333,0.374279819489623,0.4323868471770436,0.0,0.0,2.056
periodic_full,35.0,0.1,30.0,30.0,30.0,0.0,0.0,0.0,0.0,0.0,0.0,3.0,3.0,3.0,71.44428599101757,70.0856028885448,72.80296909349033,14.0,8.25,10.0,18.25,0.21933333333333332,0.20545905049606578,0.23320761617060087,0.0,0.0,0.0
periodic_partial,35.0,0.1,32.0,32.0,32.0,0.0,0.0,0.0,8.0,8.0,8.0,0.0,0.0,0.0,141.85129991992684,141.16416959213387,142.53843024771982,13.0,10.0,8.0,18.0,0.08725,0.08158492754752567,0.09291507245247432,0.0,0.0,4.0
threshold,35.0,0.1,33.552,33.478837141698335,33.625162858301664,0.0,0.0,0.0,2.568,2.3119299959441673,2.824070004055833,2.328,2.2182557125475,2.4377442874524995,41.48125480161042,40.70549849193947,42.257011111281365,19.0,9.0,14.0,23.0,0.67375,0.6467108779128002,0.7007891220871997,0.0,0.0,0.0
conservative_bandit,35.0,0.1,33.864,33.761169780507466,33.96683021949253,3.684,3.2812654046529173,4.0867345953470835,6.614,6.405754402710691,6.822245597289308,0.004,-0.0015381595519129718,0.009538159551912971,78.14813831700926,76.79113685245302,79.50513978156549,13.0,9.0,8.0,17.0,0.47983333333333333,0.45264518214087707,0.5070214845257895,0.0,0.0,1.64
periodic_full,35.0,0.2,30.0,30.0,30.0,0.0,0.0,0.0,0.0,0.0,0.0,3.0,3.0,3.0,71.13469733693692,69.74831957295821,72.52107510091564,14.0,9.0,9.0,18.0,0.2026666666666667,0.1883882724956674,0.216945060837666,0.0,0.0,0.0
periodic_partial,35.0,0.2,32.0,32.0,32.0,0.0,0.0,0.0,8.0,8.0,8.0,0.0,0.0,0.0,142.14220066451554,141.41058413267845,142.87381719635263,13.0,9.0,9.0,18.0,0.07925,0.07348757922515435,0.08501242077484565,0.0,0.0,4.0
threshold,35.0,0.2,33.616,33.5468818526189,33.6851181473811,0.0,0.0,0.0,2.344,2.102086484166167,2.5859135158338327,2.424,2.3203227789283574,2.5276772210716425,41.1552707296534,40.32825581938878,41.982285639918025,18.0,10.0,12.0,22.0,0.64625,0.6197882634355942,0.6727117365644057,0.0,0.0,0.0
conservative_bandit,35.0,0.2,33.84,33.73565012759115,33.94434987240886,3.776,3.379840628721592,4.172159371278408,6.562,6.356187262919203,6.7678127370807974,0.004,-0.0015381595519129718,0.009538159551912971,79.26681659593244,77.82585363354586,80.70777955831902,13.0,9.0,8.0,17.0,0.46991666666666665,0.4426316046184046,0.4972017287149287,0.0,0.0,1.944
periodic_full,35.0,0.3,30.0,30.0,30.0,0.0,0.0,0.0,0.0,0.0,0.0,3.0,3.0,3.0,71.39529676321644,70.0832699931799,72.70732353325297,14.0,8.0,10.0,18.0,0.21866666666666668,0.20477303808185388,0.23256029525147948,0.0,0.0,0.0
periodic_partial,35.0,0.3,32.0,32.0,32.0,0.0,0.0,0.0,8.0,8.0,8.0,0.0,0.0,0.0,141.83219438897737,141.0890319861347,142.57535679182004,13.0,9.0,9.0,18.0,0.08675,0.08102611811375397,0.09247388188624601,0.0,0.0,4.0
threshold,35.0,0.3,33.604,33.53407128086172,33.67392871913828,0.0,0.0,0.0,2.386,2.1412494830160154,2.630750516983985,2.406,2.301106921292578,2.510893078707422,41.347521013797824,40.460581213146455,42.23446081444919,18.0,9.0,13.0,22.0,0.66925,0.6435830270346813,0.6949169729653187,0.0,0.0,0.0
conservative_bandit,35.0,0.3,33.784,33.65548486743033,33.912515132569666,3.612,3.231465605773172,3.992534394226828,6.63,6.42920576859199,6.83079423140801,0.004,-0.0015381595519129718,0.009538159551912971,79.61097744641008,78.2100253445925,81.01192954822766,13.0,9.0,8.0,17.0,0.48708333333333337,0.4599187506792928,0.514247915987374,0.0,0.0,2.04
periodic_full,35.0,0.4,30.0,30.0,30.0,0.0,0.0,0.0,0.0,0.0,0.0,3.0,3.0,3.0,69.62224812326114,68.24927164045232,70.99522460606997,14.0,10.0,9.0,19.0,0.212,0.1979277418502858,0.22607225814971418,0.0,0.0,0.0
periodic_partial,35.0,0.4,32.0,32.0,32.0,0.0,0.0,0.0,8.0,8.0,8.0,0.0,0.0,0.0,141.4649187146483,140.71147681839523,142.21836061090136,14.0,9.0,9.0,18.0,0.0855,0.07969494318984403,0.09130505681015598,0.0,0.0,4.0
threshold,35.0,0.4,33.64,33.57258151749285,33.70741848250715,0.0,0.0,0.0,2.26,2.0240353112249685,2.495964688775031,2.46,2.358872276239272,2.5611277237607277,40.71822818556642,39.92016898031231,41.51628739082052,18.0,10.0,12.0,22.0,0.641,0.6139481663429553,0.6680518336570447,0.0,0.0,0.0
conservative_bandit,35.0,0.4,33.932,33.86339433289942,34.00060566710059,4.212,3.8030913750159177,4.620908624984082,6.352,6.141345179751833,6.562654820248167,0.01,0.0012698160257386976,0.0187301839742613,80.58551891904095,79.15230702917303,82.01873080890887,13.0,9.0,8.0,17.0,0.4358333333333333,0.40883791857138396,0.4628287480952826,0.0,0.0,2.592
periodic_full,35.0,0.5,30.0,30.0,30.0,0.0,0.0,0.0,0.0,0.0,0.0,3.0,3.0,3.0,71.98009627144648,70.57123245077841,73.38896009211456,14.0,9.0,9.0,18.0,0.21466666666666664,0.20066265459403249,0.2286706787393008,0.0,0.0,0.0
periodic_partial,35.0,0.5,32.0,32.0,32.0,0.0,0.0,0.0,8.0,8.0,8.0,0.0,0.0,0.0,142.43678282432634,141.7453021468475,143.12826350180518,14.0,9.0,9.0,18.0,0.0865,0.08060251430905085,0.09239748569094913,0.0,0.0,4.0
threshold,35.0,0.5,33.62,33.55115774238982,33.688842257610176,0.0,0.0,0.0,2.33,2.0890520983643865,2.5709479016356136,2.43,2.326736613584737,2.533263386415263,41.0006512502062,40.18385749427871,41.81744500613368,17.0,10.0,12.0,22.0,0.6565,0.6308147277370387,0.6821852722629612,0.0,0.0,0.0
conservative_bandit,35.0,0.5,33.892,33.79732289683918,33.98667710316083,4.558,4.1357207031782774,4.980279296821722,6.154,5.933730288235896,6.374269711764104,0.016,0.004990607908314968,0.027009392091685035,82.37687058924188,80.83108449060633,83.92265668787742,13.0,9.0,8.0,17.0,0.429,0.4010548468369926,0.4569451531630074,0.0,0.0,2.76
periodic_full,40.0,0.1,40.0,40.0,40.0,0.0,0.0,0.0,0.0,0.0,0.0,4.0,4.0,4.0,105.57500268390038,104.70541166075257,106.44459370704818,14.0,10.0,9.0,19.0,0.1535,0.1428211706825522,0.1641788293174478,0.0,0.0,0.0
periodic_partial,40.0,0.1,40.0,40.0,40.0,0.0,0.0,0.0,10.0,10.0,10.0,0.0,0.0,0.0,147.80795660185848,147.18333491675168,148.43257828696528,13.0,9.25,8.0,17.25,0.07479999999999999,0.06947374214692577,0.08012625785307421,0.0,0.0,4.0
threshold,40.0,0.1,40.0,40.0,40.0,0.0,0.0,0.0,2.04,1.6864283655588832,2.3935716344411166,3.184,3.0425713462235535,3.325428653776447,40.63698393333047,39.862000345031745,41.411967521629194,18.0,9.25,14.75,24.0,0.6551,0.6289802391323434,0.6812197608676567,0.0,0.0,0.0
conservative_bandit,40.0,0.1,39.772,39.65441256981004,39.889587430189955,4.112,3.7609954965215913,4.463004503478409,7.722,7.503301124906565,7.940698875093436,0.066,0.04421531901884029,0.08778468098115971,78.92597439776344,77.52761756827735,80.32433122724953,13.0,10.0,7.0,17.0,0.5142666666666666,0.48886326412562575,0.5396700692077075,0.0,0.0,2.944
periodic_full,40.0,0.2,40.0,40.0,40.0,0.0,0.0,0.0,0.0,0.0,0.0,4.0,4.0,4.0,105.82662359803051,105.0033771338921,106.64987006216892,14.0,9.0,10.0,19.0,0.1525,0.14180100392400913,0.16319899607599087,0.0,0.0,0.0
periodic_partial,40.0,0.2,40.0,40.0,40.0,0.0,0.0,0.0,10.0,10.0,10.0,0.0,0.0,0.0,147.65263886368652,147.06630656679587,148.23897116057717,14.0,9.0,9.0,18.0,0.078,0.07259408888808742,0.08340591111191258,0.0,0.0,4.0
threshold,40.0,0.2,40.0,40.0,40.0,0.0,0.0,0.0,1.68,1.3519635505857792,2.0080364494142207,3.328,3.1967854202343116,3.459214579765688,40.91027254813552,40.119609047007145,41.70093604926389,18.0,9.0,14.0,23.0,0.6672,0.642244608734415,0.692155391265585,0.0,0.0,0.0
conservative_bandit,40.0,0.2,39.564,39.36280734361621,39.76519265638379,4.064,3.723228961009258,4.4047710389907415,7.744,7.531410400818477,7.956589599181522,0.046,0.02761943310780222,0.06438056689219777,78.16663145740415,76.78298824156032,79.55027467324798,12.0,10.0,7.0,17.0,0.5130444444444445,0.48735406252957436,0.5387348263593147,0.0,0.0,2.724
periodic_full,40.0,0.3,40.0,40.0,40.0,0.0,0.0,0.0,0.0,0.0,0.0,4.0,4.0,4.0,106.58687643188343,105.72063142887376,107.45312143489309,15.0,9.0,10.0,19.0,0.156,0.14537492450574976,0.16662507549425024,0.0,0.0,0.0
periodic_partial,40.0,0.3,40.0,40.0,40.0,0.0,0.0,0.0,10.0,10.0,10.0,0.0,0.0,0.0,147.98299767446915,147.3323055145494,148.6336898343889,14.0,10.0,9.0,19.0,0.08059999999999999,0.07493835825732102,0.08626164174267896,0.0,0.0,4.0
threshold,40.0,0.3,40.0,40.0,40.0,0.0,0.0,0.0,1.68,1.3519635505857792,2.0080364494142207,3.328,3.1967854202343116,3.459214579765688,41.0467973448451,40.22523042496516,41.868364264725045,19.0,9.0,14.0,23.0,0.6702,0.6449291922067171,0.695470807793283,0.0,0.0,0.0
conservative_bandit,40.0,0.3,39.58,39.383184701704145,39.77681529829585,5.01,4.614851700703554,5.405148299296446,7.19,6.945739159100781,7.43426084089922,0.08,0.05619628698066174,0.10380371301933827,81.99346280275675,80.3840735335613,83.6028520719522,13.0,11.0,7.0,18.0,0.4615333333333333,0.4343000096583337,0.4887666570083329,0.0,0.0,4.204
periodic_full,40.0,0.4,40.0,40.0,40.0,0.0,0.0,0.0,0.0,0.0,0.0,4.0,4.0,4.0,106.31008600444532,105.43763388804203,107.18253812084862,14.0,8.0,10.0,18.0,0.1625,0.1520374750247507,0.1729625249752493,0.0,0.0,0.0
periodic_partial,40.0,0.4,40.0,40.0,40.0,0.0,0.0,0.0,10.0,10.0,10.0,0.0,0.0,0.0,147.60375747535085,146.9701348834432,148.2373800672585,14.0,8.25,9.75,18.0,0.07880000000000001,0.07325728279450953,0.08434271720549048,0.0,0.0,4.0
threshold,40.0,0.4,40.0,40.0,40.0,0.0,0.0,0.0,1.82,1.4814536433644836,2.1585463566355165,3.272,3.1365814573457933,3.4074185426542063,40.78339625468194,39.959633254692086,41.60715925467179,18.0,8.0,14.0,22.0,0.6542,0.6289321778932169,0.6794678221067831,0.0,0.0,0.0
conservative_bandit,40.0,0.4,39.472,39.25209876790943,39.69190123209057,5.046,4.651612418199868,5.440387581800133,7.18,6.936469892319875,7.423530107680125,0.066,0.04421531901884029,0.08778468098115971,81.92314253572141,80.3905861774477,83.45569889399512,13.0,9.0,8.0,17.0,0.4514222222222222,0.4241058573105918,0.47873858713385264,0.0,0.0,4.12
periodic_full,40.0,0.5,40.0,40.0,40.0,0.0,0.0,0.0,0.0,0.0,0.0,4.0,4.0,4.0,105.59847477314423,104.74639543032183,106.45055411596664,14.0,8.0,10.0,18.0,0.1575,0.14690948830906875,0.16809051169093125,0.0,0.0,0.0
periodic_partial,40.0,0.5,40.0,40.0,40.0,0.0,0.0,0.0,10.0,10.0,10.0,0.0,0.0,0.0,147.64914126510268,147.01460305328234,148.28367947692303,14.0,10.0,8.0,18.0,0.07940000000000001,0.07402290416980187,0.08477709583019816,0.0,0.0,4.0
threshold,40.0,0.5,40.0,40.0,40.0,0.0,0.0,0.0,1.66,1.333530309219989,1.9864696907800108,3.336,3.2054121236879953,3.4665878763120044,41.005800419240565,40.21103858777899,41.80056225070214,18.0,9.0,14.0,23.0,0.6636,0.6376523387262135,0.6895476612737864,0.0,0.0,0.0
conservative_bandit,40.0,0.5,39.704,39.548412899504875,39.859587100495126,5.212,4.801512938188022,5.622487061811977,7.18,6.942617077227429,7.41738292277257,0.056,0.0358262883414041,0.0761737116585959,81.49954332349732,79.992060069661,83.00702657733365,13.0,11.0,7.0,18.0,0.4520222222222222,0.4247071227956842,0.47933732164876025,0.0,0.0,4.496
periodic_full,50.0,0.1,50.0,50.0,50.0,0.0,0.0,0.0,0.0,0.0,0.0,5.0,5.0,5.0,119.02916290708069,118.15426253150123,119.90406328266015,14.0,10.0,9.0,19.0,0.1224,0.11384879401396321,0.13095120598603677,0.0,0.0,0.0
periodic_partial,50.0,0.1,48.0,48.0,48.0,0.0,0.0,0.0,12.0,12.0,12.0,0.0,0.0,0.0,152.25714415143517,151.72091586323018,152.79337243964017,14.0,9.0,9.0,18.0,0.0815,0.07584803684474589,0.08715196315525411,0.0,0.0,4.0
threshold,50.0,0.1,49.628,49.55971827742011,49.69628172257989,0.0,0.0,0.0,2.232,1.822309664520665,2.6416903354793355,4.07,3.899295693550277,4.240704306449723,41.09805693465701,40.268585251946206,41.92752861736781,19.0,9.0,15.0,24.0,0.6532666666666667,0.6290517380957428,0.6774815952375906,0.0,0.0,0.0
conservative_bandit,50.0,0.1,49.02,48.66079892881692,49.37920107118309,3.944,3.4876686417724465,4.400331358227553,10.108,9.803391923752127,10.412608076247874,0.07,0.04761297971246042,0.09238702028753959,81.36527807209873,79.8839020022208,82.84665414197667,12.0,9.0,7.0,16.0,0.5395532467532469,0.5151951380615843,0.5639113554449094,0.0,0.0,3.152
periodic_full,50.0,0.2,50.0,50.0,50.0,0.0,0.0,0.0,0.0,0.0,0.0,5.0,5.0,5.0,119.09568005276046,118.23065983526841,119.9607002702525,14.0,9.0,10.0,19.0,0.13159999999999997,0.12327543029763943,0.1399245697023605,0.0,0.0,0.0
periodic_partial,50.0,0.2,48.0,48.0,48.0,0.0,0.0,0.0,12.0,12.0,12.0,0.0,0.0,0.0,151.90257582430164,151.3453086442405,152.45984300436277,13.5,9.25,8.0,17.25,0.08516666666666665,0.07940231179896913,0.09093102153436418,0.0,0.002,4.0
threshold,50.0,0.2,49.688,49.62432494676871,49.751675053231295,0.0,0.0,0.0,1.872,1.4899496806122412,2.254050319387759,4.22,4.060812366921767,4.3791876330782324,40.71084276612769,39.92009213547283,41.50159339678255,19.0,10.0,14.0,24.0,0.6755666666666668,0.6531496316317067,0.6979837017016268,0.0,0.0,0.0
conservative_bandit,50.0,0.2,48.976,48.606656382358395,49.3453436176416,4.14,3.680545307446949,4.59945469255305,10.044,9.74328715465496,10.344712845345041,0.052,0.032518982385548,0.071481017614452,81.9935814535774,80.45205264552827,83.53511026162654,13.0,9.0,8.0,17.0,0.5224214285714286,0.4968786996527388,0.5479641574901184,0.0,0.0,3.944
periodic_full,50.0,0.3,50.0,50.0,50.0,0.0,0.0,0.0,0.0,0.0,0.0,5.0,5.0,5.0,118.42971016839208,117.5460136004499,119.31340673633426,14.0,9.0,9.0,18.0,0.12440000000000001,0.11589103207678884,0.13290896792321116,0.0,0.0,0.0
periodic_partial,50.0,0.3,48.0,48.0,48.0,0.0,0.0,0.0,12.0,12.0,12.0,0.0,0.0,0.0,151.57922502070437,151.04210914101031,152.11634090039843,13.0,10.0,7.0,17.0,0.08033333333333331,0.07473273951044232,0.0859339271562243,0.0,0.0,4.0
threshold,50.0,0.3,49.648,49.58117242007916,49.71482757992084,0.0,0.0,0.0,2.112,1.7110345204749648,2.5129654795250356,4.12,3.9529310501979023,4.287068949802098,40.80805513082926,40.06170748461886,41.55440277703966,19.0,9.0,15.0,24.0,0.6315666666666666,0.6069580072127396,0.6561753261205936,0.0,0.0,0.0
conservative_bandit,50.0,0.3,49.264,48.97370500303428,49.55429499696572,4.102,3.639845512487593,4.564154487512408,10.11,9.815131916183342,10.404868083816657,0.062,0.04084061393998224,0.08315938606001776,81.43844258638954,79.94268112293933,82.93420404983975,13.0,10.0,7.0,17.0,0.5281214285714285,0.5019504130042176,0.5542924441386394,0.0,0.0,4.52
periodic_full,50.0,0.4,50.0,50.0,50.0,0.0,0.0,0.0,0.0,0.0,0.0,5.0,5.0,5.0,119.37317333705478,118.50841445015251,120.23793222395705,13.0,9.0,9.0,18.0,0.12639999999999998,0.1179371188332054,0.13486288116679457,0.0,0.0,0.0
periodic_partial,50.0,0.4,48.0,48.0,48.0,0.0,0.0,0.0,12.0,12.0,12.0,0.0,0.0,0.0,152.29995641274033,151.78073009310913,152.81918273237153,13.0,10.0,8.0,18.0,0.07966666666666666,0.07428335114194176,0.08504998219139157,0.0,0.002,4.0
threshold,50.0,0.4,49.616,49.5468818526189,49.6851181473811,0.0,0.0,0.0,2.304,1.889291115713429,2.7187088842865705,4.04,3.867204631547262,4.2127953684527375,40.599290360274956,39.7950841459613,41.403496574588615,19.0,9.0,15.0,24.0,0.6631666666666667,0.638973282160959,0.6873600511723743,0.0,0.0,0.0
conservative_bandit,50.0,0.4,49.32,49.0422924789378,49.5977075210622,4.59,4.112715262005745,5.067284737994255,9.87,9.570582341555516,10.169417658444482,0.066,0.04421531901884029,0.08778468098115971,83.73555833131427,82.15768893920878,85.31342772341975,13.0,9.0,8.0,17.0,0.5006056277056277,0.47428838464961903,0.5269228707616362,0.0,0.0,5.78
periodic_full,50.0,0.5,50.0,50.0,50.0,0.0,0.0,0.0,0.0,0.0,0.0,5.0,5.0,5.0,119.2357582454859,118.3808447461946,120.0906717447772,13.0,9.0,9.0,18.0,0.12,0.1114031091046744,0.1285968908953256,0.0,0.0,0.0
periodic_partial,50.0,0.5,48.0,48.0,48.0,0.0,0.0,0.0,12.0,12.0,12.0,0.0,0.0,0.0,152.30541152541647,151.76069595993926,152.8501270908937,14.0,9.0,9.0,18.0,0.07683333333333334,0.07107640298184205,0.08259026368482462,0.0,0.0,4.0
threshold,50.0,0.5,49.648,49.58117242007916,49.71482757992084,0.0,0.0,0.0,2.112,1.7110345204749648,2.5129654795250356,4.12,3.9529310501979023,4.287068949802098,41.02316116420929,40.18876406361495,41.857558264803636,19.0,11.0,14.0,25.0,0.6393333333333334,0.6162991122038566,0.6623675544628103,0.0,0.0,0.0
conservative_bandit,50.0,0.5,49.244,48.95124693662229,49.53675306337771,5.104,4.610480055133776,5.5975199448662245,9.594,9.287818549539637,9.900181450460362,0.066,0.04421531901884029,0.08778468098115971,84.5627926241462,82.96989896869293,86.15568627959946,12.0,10.0,7.0,17.0,0.4726214285714286,0.4469276073260366,0.49831524981682057,0.0,0.0,6.584
periodic_full,60.0,0.1,60.0,60.0,60.0,0.0,0.0,0.0,0.0,0.0,0.0,6.0,6.0,6.0,132.5075368784196,131.95389036604288,133.0611833907963,15.0,9.25,9.75,19.0,0.11333333333333333,0.10638750419505404,0.12027916247161262,0.0,0.0,10.0
periodic_partial,60.0,0.1,60.0,60.0,60.0,0.0,0.0,0.0,15.0,15.0,15.0,0.0,0.0,0.0,156.83973658048882,156.45639584387325,157.22307731710438,14.0,19.0,8.0,27.0,0.10613333333333333,0.09962614374452547,0.11264052292214119,0.0,0.006,4.0
threshold,60.0,0.1,60.0,60.0,60.0,0.0,0.0,0.0,2.43,1.9450727671471477,2.9149272328528526,5.028,4.834029106858859,5.22197089314114,40.70436510044598,39.90240486421072,41.50632533668124,20.0,9.0,16.0,25.0,0.6754000000000001,0.6534047403535408,0.6973952596464594,0.0,0.0,0.0
conservative_bandit,60.0,0.1,58.812,58.36346372257806,59.260536277421934,4.302,3.8964209624022987,4.707579037597701,12.352,12.042779502264745,12.661220497735256,0.08,0.05619628698066174,0.10380371301933827,81.72899589619587,80.23035786234095,83.22763393005079,14.0,10.0,8.0,18.0,0.5940338383838384,0.5720806755295929,0.6159870012380839,0.0,0.0,4.236
periodic_full,60.0,0.2,60.0,60.0,60.0,0.0,0.0,0.0,0.0,0.0,0.0,6.0,6.0,6.0,132.9637454455834,132.4276873651218,133.499803526045,15.0,9.0,10.0,19.0,0.11233333333333333,0.1054164438615857,0.11925022280508095,0.0,0.0,10.0
periodic_partial,60.0,0.2,60.0,60.0,60.0,0.0,0.0,0.0,15.0,15.0,15.0,0.0,0.0,0.0,156.8643097655107,156.4889311133672,157.23968841765424,14.0,18.0,9.0,27.0,0.10453333333333333,0.09825130349942512,0.11081536316724153,0.0,0.006,4.0
threshold,60.0,0.2,60.0,60.0,60.0,0.0,0.0,0.0,2.79,2.2778870806508307,3.3021129193491694,4.884,4.679154832260332,5.088845167739668,40.813147287903426,40.02953578493681,41.59675879087004,21.0,10.0,16.0,26.0,0.6716666666666666,0.6495801762884839,0.6937531570448494,0.0,0.0,0.0
conservative_bandit,60.0,0.2,58.584,58.082635396270796,59.08536460372921,4.648,4.2219323282516985,5.074067671748301,12.092,11.76305029257464,12.420949707425361,0.092,0.06664038613798584,0.11735961386201416,82.18345188536699,80.69496042280015,83.67194334793383,13.0,10.0,8.0,18.0,0.5642969696969696,0.5413452482043305,0.5872486911896088,0.0,0.0,5.36
periodic_full,60.0,0.3,60.0,60.0,60.0,0.0,0.0,0.0,0.0,0.0,0.0,6.0,6.0,6.0,133.0655961758184,132.55925164065283,133.57194071098397,14.0,10.0,9.0,19.0,0.10866666666666666,0.1017009153132829,0.11563241802005042,0.0,0.0,10.0
periodic_partial,60.0,0.3,60.0,60.0,60.0,0.0,0.0,0.0,15.0,15.0,15.0,0.0,0.0,0.0,157.3121010177846,156.9316389032398,157.69256313232944,13.5,18.0,9.0,27.0,0.10653333333333333,0.09987319299166322,0.11319347367500343,0.0,0.004,4.0
threshold,60.0,0.3,60.0,60.0,60.0,0.0,0.0,0.0,2.7,2.1943613811963614,3.205638618803639,4.92,4.717744552478544,5.1222554475214555,40.93422332534287,40.13197529517915,41.73647135550659,21.0,10.0,16.0,26.0,0.6728,0.6502371144963718,0.6953628855036281,0.0,0.0,0.0
conservative_bandit,60.0,0.3,59.088,58.72990810437735,59.44609189562265,4.35,3.9443383622664605,4.755661637733539,12.412,12.114165804994409,12.709834195005593,0.074,0.0510317899228456,0.0969682100771544,82.5281793126944,80.99624340742655,84.06011521796226,13.0,9.0,8.0,17.0,0.5738031746031746,0.5517337178295955,0.5958726313767538,0.0,0.0,5.716
periodic_full,60.0,0.4,60.0,60.0,60.0,0.0,0.0,0.0,0.0,0.0,0.0,6.0,6.0,6.0,133.0039042894093,132.45906677179838,133.5487418070202,14.0,9.0,9.0,18.0,0.11,0.10307266844220013,0.11692733155779987,0.0,0.0,10.0
periodic_partial,60.0,0.4,60.0,60.0,60.0,0.0,0.0,0.0,15.0,15.0,15.0,0.0,0.0,0.0,157.3184031250138,156.9546087276622,157.68219752236539,14.0,19.0,9.0,28.0,0.10746666666666665,0.10111939797739172,0.11381393535594159,0.0,0.006,4.0
threshold,60.0,0.4,60.0,60.0,60.0,0.0,0.0,0.0,3.03,2.501586155080125,3.558413844919875,4.788,4.57663446203205,4.99936553796795,40.84533550323305,40.06965086251072,41.621020143955384,20.0,12.0,15.0,27.0,0.6522666666666667,0.6291977910034837,0.6753355423298496,0.0,0.0,0.0
conservative_bandit,60.0,0.4,58.564,58.07976541399714,59.04823458600286,5.322,4.855941362059238,5.788058637940762,11.73,11.384370281189465,12.075629718810536,0.1,0.07367750491509231,0.1263224950849077,84.90983388725299,83.28306381274432,86.53660396176166,13.0,9.25,8.0,17.25,0.5405283161283162,0.5165777216584947,0.5644789105981377,0.0,0.0,7.356
periodic_full,60.0,0.5,60.0,60.0,60.0,0.0,0.0,0.0,0.0,0.0,0.0,6.0,6.0,6.0,132.8832973200666,132.34978145685338,133.4168131832798,14.0,8.0,10.0,18.0,0.11033333333333334,0.10329337576681277,0.1173732908998539,0.0,0.0,10.0
periodic_partial,60.0,0.5,60.0,60.0,60.0,0.0,0.0,0.0,15.0,15.0,15.0,0.0,0.0,0.0,157.01381383152045,156.62005465668804,157.40757300635286,13.5,17.0,9.0,26.0,0.10919999999999999,0.10266809132433498,0.115731908675665,0.0,0.004,4.0
threshold,60.0,0.5,60.0,60.0,60.0,0.0,0.0,0.0,3.06,2.529642548338325,3.590357451661675,4.776,4.563857019335329,4.98814298066467,40.93177896912278,40.10306416152358,41.76049377672199,20.0,9.5,15.75,25.25,0.6567999999999999,0.6355502547738483,0.6780497452261516,0.0,0.0,0.0
conservative_bandit,60.0,0.5,58.692,58.26264704865477,59.12135295134523,5.334,4.860825590522513,5.807174409477486,11.746,11.398455733029866,12.093544266970135,0.104,0.07721593606336177,0.13078406393663822,85.54618713617624,83.94502507494444,87.14734919740805,13.0,8.0,9.0,17.0,0.5346106060606061,0.5104172855522765,0.5588039265689356,0.0,0.0,7.928
periodic_full,80.0,0.1,80.0,80.0,80.0,0.0,0.0,0.0,0.0,0.0,0.0,8.0,8.0,8.0,141.5180627034015,141.11548016945704,141.92064523734598,15.0,9.0,10.0,19.0,0.08625,0.08022374689770619,0.0922762531022938,0.0,0.0,10.0
periodic_partial,80.0,0.1,80.0,80.0,80.0,0.0,0.0,0.0,20.0,20.0,20.0,0.0,0.0,0.0,160.23999782409646,159.94548887562203,160.5345067725709,27.0,42.0,8.0,50.0,0.16679999999999998,0.1591974201699591,0.17440257983004084,0.0,0.064,8.0
threshold,80.0,0.1,80.0,80.0,80.0,0.0,0.0,0.0,3.92,3.2233865518724,4.6166134481276,6.432,6.15335462074896,6.710645379251041,40.987623657715986,40.14538947488365,41.82985784054832,22.0,12.0,17.0,29.0,0.67735,0.6583658966002662,0.6963341033997338,0.0,0.0,0.0
conservative_bandit,80.0,0.1,77.88,77.10802504614543,78.65197495385456,4.158,3.760529007126871,4.555470992873129,17.206,16.824393778954427,17.587606221045572,0.074,0.04849085988790455,0.09950914011209544,83.0482308022449,81.61681291989599,84.47964868459381,13.0,9.0,8.0,17.0,0.6048714012595591,0.5848208810853607,0.6249219214337575,0.0,0.0,5.404
periodic_full,80.0,0.2,80.0,80.0,80.0,0.0,0.0,0.0,0.0,0.0,0.0,8.0,8.0,8.0,141.44270664116078,141.0564328594138,141.82898042290776,14.0,9.0,9.0,18.0,0.085,0.07934763957653855,0.09065236042346146,0.0,0.0,10.0
periodic_partial,80.0,0.2,80.0,80.0,80.0,0.0,0.0,0.0,20.0,20.0,20.0,0.0,0.0,0.0,160.5017144083359,160.2053889917701,160.79803982490174,28.0,49.25,9.0,58.25,0.17189999999999997,0.1643087548812526,0.17949124511874734,0.0,0.076,8.0
threshold,80.0,0.2,80.0,80.0,80.0,0.0,0.0,0.0,4.04,3.3354482067734996,4.744551793226501,6.384,6.1021792827094,6.6658207172906,41.61374973189742,40.76163075035654,42.465868713438304,22.0,12.0,17.0,29.0,0.67685,0.6565784832083519,0.697121516791648,0.0,0.0,0.0
conservative_bandit,80.0,0.2,77.02,76.151084731053,77.88891526894699,4.78,4.354153694307272,5.205846305692728,16.65,16.220374911074703,17.079625088925294,0.086,0.05901263093634439,0.1129873690636556,85.29936930766233,83.75528494642451,86.84345366890015,13.0,9.0,8.0,17.0,0.5898112749823277,0.5676735125253117,0.6119490374393436,0.0,0.0,6.036
periodic_full,80.0,0.3,80.0,80.0,80.0,0.0,0.0,0.0,0.0,0.0,0.0,8.0,8.0,8.0,141.34619983767993,140.94194303953086,141.750456635829,14.0,8.0,10.0,18.0,0.0825,0.0765288922086004,0.0884711077913996,0.0,0.0,10.0
periodic_partial,80.0,0.3,80.0,80.0,80.0,0.0,0.0,0.0,20.0,20.0,20.0,0.0,0.0,0.0,160.24492764836197,159.95253441643914,160.5373208802848,28.0,50.0,9.0,59.0,0.16440000000000002,0.15663467062329892,0.17216532937670112,0.0,0.068,8.0
threshold,80.0,0.3,80.0,80.0,80.0,0.0,0.0,0.0,3.32,2.667060618439978,3.9729393815600216,6.672,6.410824247375991,6.933175752624009,41.264594266884565,40.40843908063903,42.1207494531301,22.0,12.0,17.0,29.0,0.67045,0.6507265537693224,0.6901734462306776,0.0,0.0,0.0
conservative_bandit,80.0,0.3,77.376,76.51461727186724,78.23738272813277,4.582,4.167219725257056,4.996780274742943,16.878,16.473482291606402,17.2825177083936,0.07,0.04627727977423712,0.09372272022576289,84.94843869535455,83.36301886099378,86.53385852971533,12.0,11.0,7.0,18.0,0.6080764507422401,0.5871117337294071,0.6290411677550732,0.0,0.0,7.256
periodic_full,80.0,0.4,80.0,80.0,80.0,0.0,0.0,0.0,0.0,0.0,0.0,8.0,8.0,8.0,141.2850584033358,140.88806450290306,141.68205230376853,14.0,8.0,10.0,18.0,0.0825,0.07690324492811511,0.0880967550718849,0.0,0.0,10.0
periodic_partial,80.0,0.4,80.0,80.0,80.0,0.0,0.0,0.0,20.0,20.0,20.0,0.0,0.0,0.0,160.37080111942635,160.06808686776637,160.67351537108632,27.0,50.25,8.75,59.0,0.165,0.15737858833078391,0.1726214116692161,0.0,0.072,8.0
threshold,80.0,0.4,80.0,80.0,80.0,0.0,0.0,0.0,3.32,2.667060618439978,3.9729393815600216,6.672,6.410824247375991,6.933175752624009,41.275758518594465,40.48759760352738,42.06391943366155,22.0,11.0,17.0,28.0,0.6644000000000001,0.6452243559091071,0.6835756440908931,0.0,0.0,0.0
conservative_bandit,80.0,0.4,76.456,75.51530448676417,77.39669551323584,5.326,4.850348605031088,5.8016513949689115,16.176,15.704564970360556,16.647435029639443,0.11,0.08091261731156743,0.13908738268843257,86.53261878405873,84.95193502269296,88.11330254542449,13.0,9.0,7.0,16.0,0.5710029593213805,0.5483096401164372,0.5936962785263237,0.0,0.0,8.388
periodic_full,80.0,0.5,80.0,80.0,80.0,0.0,0.0,0.0,0.0,0.0,0.0,8.0,8.0,8.0,141.0847956761984,140.6747992105425,141.49479214185433,14.0,8.0,10.0,18.0,0.07625,0.07042677796837014,0.08207322203162985,0.0,0.0,10.0
periodic_partial,80.0,0.5,80.0,80.0,80.0,0.0,0.0,0.0,20.0,20.0,20.0,0.0,0.0,0.0,160.48734262922233,160.20404988867895,160.7706353697657,26.0,49.0,8.0,57.0,0.16469999999999999,0.15715783573530837,0.1722421642646916,0.0,0.064,8.0
threshold,80.0,0.5,80.0,80.0,80.0,0.0,0.0,0.0,3.64,2.962907286728967,4.317092713271033,6.544,6.273162914691587,6.814837085308413,41.11248816642385,40.25061274206564,41.97436359078206,22.0,13.0,16.0,29.0,0.65845,0.6389736564975751,0.6779263435024249,0.0,0.0,0.0
conservative_bandit,80.0,0.5,76.176,75.18579738333972,77.16620261666029,5.932,5.431092946910438,6.432907053089563,15.778,15.289028480722518,16.266971519277483,0.12,0.08698301402723968,0.1530169859727603,88.73446276487428,87.07640729979435,90.3925182299542,12.0,10.0,7.0,17.0,0.556214493693441,0.5329874042712471,0.5794415831156349,0.0,0.0,10.84
periodic_full,100.0,0.1,100.0,100.0,100.0,0.0,0.0,0.0,0.0,0.0,0.0,10.0,10.0,10.0,144.8396221661765,144.48501176865886,145.19423256369413,14.0,9.0,10.0,19.0,0.07840000000000001,0.0727862894891704,0.08401371051082962,0.0,0.0,10.0
periodic_partial,100.0,0.1,100.0,100.0,100.0,0.0,0.0,0.0,25.0,25.0,25.0,0.0,0.0,0.0,161.46363127452182,161.22364105904526,161.70362148999837,42.5,85.0,8.0,93.0,0.22528000000000004,0.21722413064534696,0.2333358693546531,0.0,0.18,8.0
threshold,100.0,0.1,100.0,100.0,100.0,0.0,0.0,0.0,3.75,2.9667491053769197,4.53325089462308,8.5,8.186699642150767,8.813300357849233,41.36848638265353,40.50635614540774,42.230616619899315,24.0,11.0,20.0,31.0,0.66672,0.6487864047883434,0.6846535952116566,0.0,0.0,0.0
conservative_bandit,100.0,0.1,94.752,93.30281576687078,96.20118423312921,4.636,4.204408249370748,5.067591750629252,21.13,20.557987020061226,21.70201297993877,0.096,0.06575979217766062,0.12624020782233938,85.41265717670832,83.93114383026942,86.89417052314722,13.0,10.0,7.0,17.0,0.6058781785465996,0.5845197315981985,0.6272366254950008,0.0,0.0,5.452
periodic_full,100.0,0.2,100.0,100.0,100.0,0.0,0.0,0.0,0.0,0.0,0.0,10.0,10.0,10.0,144.60602670453778,144.26300863388195,144.9490447751936,14.0,9.0,10.0,19.0,0.0792,0.07337501164544845,0.08502498835455156,0.0,0.0,10.0
periodic_partial,100.0,0.2,100.0,100.0,100.0,0.0,0.0,0.0,25.0,25.0,25.0,0.0,0.0,0.0,161.67468023125227,161.4460511176911,161.90330934481344,40.0,88.0,8.0,96.0,0.22344000000000003,0.21498862222018006,0.23189137777982,0.0,0.196,8.0
threshold,100.0,0.2,100.0,100.0,100.0,0.0,0.0,0.0,4.55,3.7036341084112085,5.3963658915887915,8.18,7.841453643364483,8.518546356635516,41.74737461382091,40.85847524832227,42.63627397931955,25.0,11.25,20.0,31.25,0.67164,0.6537132598677613,0.6895667401322387,0.0,0.0,0.0
conservative_bandit,100.0,0.2,94.98,93.62291262779746,96.33708737220255,4.816,4.350107997603958,5.281892002396042,21.052,20.469397450667973,21.634602549332026,0.114,0.08248572018171874,0.14551427981828127,85.72328229480955,84.29062637112183,87.15593821849727,12.0,9.5,6.75,16.25,0.6012638827460809,0.579892648864905,0.6226351166272568,0.0,0.0,6.988
periodic_full,100.0,0.3,100.0,100.0,100.0,0.0,0.0,0.0,0.0,0.0,0.0,10.0,10.0,10.0,144.955244058179,144.61896622763086,145.29152188872715,14.0,10.0,9.0,19.0,0.0816,0.07566108923031668,0.08753891076968333,0.0,0.0,10.0
periodic_partial,100.0,0.3,100.0,100.0,100.0,0.0,0.0,0.0,25.0,25.0,25.0,0.0,0.0,0.0,161.62462146537212,161.3957026183673,161.85354031237694,37.0,79.0,8.0,87.0,0.22712000000000004,0.21931439232549726,0.23492560767450282,0.0,0.17,8.0
threshold,100.0,0.3,100.0,100.0,100.0,0.0,0.0,0.0,5.15,4.262865092170657,6.037134907829344,7.94,7.585146036868263,8.294853963131738,41.979469804029165,41.074428146203644,42.884511461854686,25.0,11.25,21.0,32.25,0.66872,0.6503354206814908,0.6871045793185092,0.0,0.0,0.0
conservative_bandit,100.0,0.3,95.568,94.30547912857459,96.8305208714254,4.964,4.494547698803172,5.433452301196829,21.14,20.58293794317841,21.69706205682159,0.108,0.07706114448203484,0.13893885551796514,86.45062507694462,84.9134567358136,87.98779341807564,12.0,9.0,7.0,16.0,0.613264165315249,0.5921625172534382,0.6343658133770598,0.0,0.0,7.292
periodic_full,100.0,0.4,100.0,100.0,100.0,0.0,0.0,0.0,0.0,0.0,0.0,10.0,10.0,10.0,144.35613667748305,144.01822456221635,144.69404879274975,14.0,8.0,10.0,18.0,0.0778,0.07253026833171636,0.08306973166828363,0.0,0.002,10.0
periodic_partial,100.0,0.4,100.0,100.0,100.0,0.0,0.0,0.0,25.0,25.0,25.0,0.0,0.0,0.0,161.57959966491853,161.35972271280275,161.79947661703432,40.0,83.0,11.0,94.0,0.22760000000000002,0.21935870931757506,0.235841290682425,0.0,0.204,8.0
threshold,100.0,0.4,100.0,100.0,100.0,0.0,0.0,0.0,4.1,3.2877852540201116,4.912214745979888,8.36,8.035114101608045,8.684885898391954,41.636190687301216,40.75993799989921,42.512443374703224,25.0,12.0,20.0,32.0,0.6780799999999999,0.6603071899316124,0.6958528100683874,0.0,0.0,0.0
conservative_bandit,100.0,0.4,94.992,93.59422308730237,96.38977691269764,5.138,4.682765775520474,5.5932342244795255,20.914,20.34836500094397,21.47963499905603,0.106,0.07576233809974076,0.13623766190025924,87.74787143831423,86.18616011635375,89.30958276027472,13.0,10.0,8.0,18.0,0.5930708437761071,0.5719572417714524,0.6141844457807618,0.0,0.0,8.676
periodic_full,100.0,0.5,100.0,100.0,100.0,0.0,0.0,0.0,0.0,0.0,0.0,10.0,10.0,10.0,144.40886460565315,144.06380475958522,144.75392445172108,14.0,9.0,9.0,18.0,0.08020000000000001,0.07500323456234284,0.08539676543765717,0.0,0.0,10.0
periodic_partial,100.0,0.5,100.0,100.0,100.0,0.0,0.0,0.0,25.0,25.0,25.0,0.0,0.0,0.0,161.45615897914308,161.2278304986944,161.68448745959176,46.0,65.0,15.0,80.0,0.22240000000000004,0.21422436127846825,0.23057563872153183,0.0,0.172,8.0
threshold,100.0,0.5,100.0,100.0,100.0,0.0,0.0,0.0,4.6,3.7500374356941104,5.449962564305888,8.16,7.820014974277645,8.499985025722356,41.514996825266984,40.61578725229856,42.41420639823541,25.0,13.0,19.0,32.0,0.65104,0.6328594476580661,0.6692205523419338,0.0,0.0,0.0
conservative_bandit,100.0,0.5,92.708,91.08547980869957,94.33052019130042,5.974,5.442997536173343,6.505002463826657,19.84,19.17402758029509,20.50597241970491,0.14,0.10574702622508743,0.1742529737749126,88.35963808478296,86.72717807358534,89.99209809598058,13.0,9.0,8.0,17.0,0.5704313750061428,0.5464295753653681,0.5944331746469176,0.0,0.0,9.368
periodic_full,120.0,0.1,120.0,120.0,120.0,0.0,0.0,0.0,0.0,0.0,0.0,12.0,12.0,12.0,146.48750708798812,146.19886889145508,146.77614528452116,14.5,12.25,10.0,22.25,0.08983333333333332,0.08402095027316595,0.0956457163935007,0.0,0.0,10.0
periodic_partial,120.0,0.1,116.0,116.0,116.0,0.0,0.0,0.0,29.0,29.0,29.0,0.0,0.0,0.0,161.6336904704222,161.42826242641715,161.83911851442727,63.0,84.0,21.0,105.0,0.2696551724137931,0.26151216124102056,0.27779818358656566,0.0,0.272,12.0
threshold,120.0,0.1,120.0,120.0,120.0,0.0,0.0,0.0,5.7,4.667366135847372,6.732633864152628,9.72,9.306946454338949,10.133053545661053,41.391688463475276,40.43760220510734,42.34577472184321,26.0,12.0,22.0,34.0,0.6766333333333332,0.6595398178270544,0.693726848839612,0.0,0.0,0.0
conservative_bandit,120.0,0.1,113.976,112.22753229772793,115.72446770227207,4.226,3.8091124293410275,4.6428875706589725,26.146,25.48556303216297,26.806436967837033,0.094,0.06554626078437667,0.12245373921562333,85.91865223927388,84.49928524880507,87.3380192297427,13.0,9.0,8.0,17.0,0.6272917728469485,0.6070839659279745,0.6474995797659224,0.0,0.0,4.664
periodic_full,120.0,0.2,120.0,120.0,120.0,0.0,0.0,0.0,0.0,0.0,0.0,12.0,12.0,12.0,146.45523529166016,146.16183684419147,146.74863373912885,14.0,8.0,10.0,18.0,0.08983333333333333,0.08400258323062897,0.0956640834360377,0.0,0.0,10.0
periodic_partial,120.0,0.2,116.0,116.0,116.0,0.0,0.0,0.0,29.0,29.0,29.0,0.0,0.0,0.0,161.40280884338296,161.19260951600256,161.61300817076335,63.0,95.0,14.0,109.0,0.2703448275862069,0.26241666860406754,0.2782729865683463,0.0,0.3,12.0
threshold,120.0,0.2,120.0,120.0,120.0,0.0,0.0,0.0,5.4,4.388722762392723,6.411277237607278,9.84,9.435489104957089,10.244510895042911,41.87132035946624,40.97482670831094,42.767814010621535,26.0,14.0,20.0,34.0,0.6771333333333334,0.6596520577949877,0.694614608871679,0.0,0.0,0.0
conservative_bandit,120.0,0.2,112.036,110.06594162071059,114.00605837928941,5.14,4.657657086033902,5.622342913966097,25.134,24.390149264775932,25.87785073522407,0.122,0.08880674110497519,0.1551932588950248,86.82085918110671,85.30425990899366,88.33745845321977,13.0,9.0,8.0,17.0,0.5977325031206927,0.5756542599609571,0.6198107462804283,0.0,0.0,6.312
periodic_full,120.0,0.3,120.0,120.0,120.0,0.0,0.0,0.0,0.0,0.0,0.0,12.0,12.0,12.0,146.58625698400397,146.2828222056538,146.88969176235415,14.0,9.0,9.0,18.0,0.08666666666666666,0.08059126572939077,0.09274206760394255,0.0,0.0,10.0
periodic_partial,120.0,0.3,116.0,116.0,116.0,0.0,0.0,0.0,29.0,29.0,29.0,0.0,0.0,0.0,161.68076192982463,161.48370064331775,161.8778232163315,49.0,91.25,12.0,103.25,0.2686206896551724,0.26037584743754366,0.2768655318728011,0.0,0.23,12.0
threshold,120.0,0.3,120.0,120.0,120.0,0.0,0.0,0.0,5.46,4.444360930093451,6.475639069906549,9.816,9.40974437203738,10.222255627962621,40.85208893619111,39.926496209395815,41.7776816629864,26.0,13.0,21.0,34.0,0.6808333333333333,0.6642527471988804,0.6974139194677862,0.0,0.0,0.0
conservative_bandit,120.0,0.3,112.564,110.63003011133229,114.4979698886677,4.894,4.43332070592572,5.3546792940742804,25.434,24.716330989384108,26.151669010615894,0.104,0.07448122589182099,0.133518774108179,88.55281922548895,87.03291786593257,90.07272058504532,13.0,11.0,7.0,18.0,0.6071712852112774,0.5856301662350889,0.6287124041874659,0.0,0.0,6.784
periodic_full,120.0,0.4,120.0,120.0,120.0,0.0,0.0,0.0,0.0,0.0,0.0,12.0,12.0,12.0,146.50961137369077,146.2028080563978,146.81641469098375,14.0,13.0,10.0,23.0,0.08733333333333333,0.08168051892325025,0.09298614774341642,0.0,0.0,10.0
periodic_partial,120.0,0.4,116.0,116.0,116.0,0.0,0.0,0.0,29.0,29.0,29.0,0.0,0.0,0.0,161.48223166163447,161.27812920597984,161.6863341172891,63.0,83.25,21.75,105.0,0.2655172413793104,0.25722805164102236,0.2738064311175984,0.0,0.278,12.0
threshold,120.0,0.4,120.0,120.0,120.0,0.0,0.0,0.0,5.88,4.8350798278086,6.9249201721914,9.648,9.23003193112344,10.06596806887656,41.76629355628697,40.851833667197056,42.68075344537688,27.0,12.0,22.0,34.0,0.6718,0.6543603959764596,0.6892396040235403,0.0,0.0,0.0
conservative_bandit,120.0,0.4,111.884,109.84541089762615,113.92258910237385,5.198,4.728776587702088,5.667223412297913,25.102,24.363865858798,25.840134141202,0.108,0.07912033196777873,0.13687966803222126,89.62559390423263,88.0928180144081,91.15836979405717,13.0,9.0,8.0,17.0,0.5974805028307038,0.5754557910256509,0.6195052146357566,0.0,0.0,8.156
periodic_full,120.0,0.5,120.0,120.0,120.0,0.0,0.0,0.0,0.0,0.0,0.0,12.0,12.0,12.0,146.79420100809028,146.49963548106976,147.0887665351108,14.0,13.25,10.0,23.25,0.08583333333333333,0.07985238477030007,0.09181428189636659,0.0,0.006,10.0
periodic_partial,120.0,0.5,116.0,116.0,116.0,0.0,0.0,0.0,29.0,29.0,29.0,0.0,0.0,0.0,161.607822580297,161.4086067085435,161.80703845205053,62.0,87.0,20.0,107.0,0.2721379310344828,0.2639117426694297,0.2803641193995359,0.0,0.296,12.0
threshold,120.0,0.5,120.0,120.0,120.0,0.0,0.0,0.0,5.1,4.111240748354064,6.088759251645936,9.96,9.564496299341627,10.355503700658375,41.38695540284549,40.441243152915774,42.3326676527752,26.0,12.0,21.0,33.0,0.6897000000000001,0.6738970223845306,0.7055029776154695,0.0,0.0,0.0
conservative_bandit,120.0,0.5,111.204,109.11143543333063,113.29656456666936,6.128,5.602518955711042,6.6534810442889585,24.412,23.654254167419715,25.169745832580283,0.13,0.09657745591811104,0.16342254408188897,91.66102276032093,90.10446046101347,93.21758505962839,13.0,9.0,8.0,17.0,0.5861443258251365,0.5639440462620636,0.6083446053882094,0.0,0.0,9.66
